epoch,manual_torch|lr=0.01,manual_torch|lr=0.05,manual_torch|lr=0.1,manual_torch|lr=0.5,manual_torch|lr=1.0,standard_torch|lr=0.003,standard_torch|lr=0.01,standard_torch|lr=0.03,standard_torch|lr=0.1
0,0.6931467652320862,0.6931467652320862,0.6931467652320862,0.6931467652320862,0.6931467652320862,0.6354913115501404,0.576869547367096,0.5068766474723816,0.4489835500717163
1,0.6907989978790283,0.6816190481185913,0.6706190705299377,0.6011520624160767,0.5558918118476868,0.6058706045150757,0.5329272747039795,0.4667333960533142,0.4366130828857422
2,0.6884930729866028,0.6710877418518066,0.6518375873565674,0.5623633861541748,0.5150380730628967,0.5834646821022034,0.5066439509391785,0.45076316595077515,0.4356280267238617
3,0.6862277984619141,0.6614401340484619,0.6359766125679016,0.5375668406486511,0.4899410605430603,0.5661754012107849,0.48897403478622437,0.44330838322639465,0.4353421628475189
4,0.6840023994445801,0.6525760889053345,0.6224040389060974,0.5193033814430237,0.4736965000629425,0.551831066608429,0.4762006402015686,0.43941134214401245,0.434803307056427
5,0.6818161606788635,0.6444070935249329,0.6106405258178711,0.5050634145736694,0.4628850221633911,0.5400776863098145,0.46699416637420654,0.43740230798721313,0.4341229498386383
6,0.6796678304672241,0.6368558406829834,0.6003231406211853,0.4936695396900177,0.45550107955932617,0.5301751494407654,0.46040597558021545,0.436878502368927,0.43882182240486145
7,0.6775568723678589,0.6298542022705078,0.5911756157875061,0.48442891240119934,0.4503392279148102,0.5215240120887756,0.4551096260547638,0.4356863498687744,0.4343380033969879
8,0.6754820942878723,0.6233428120613098,0.5829862356185913,0.47686970233917236,0.44665470719337463,0.5138626098632812,0.45102423429489136,0.4350831210613251,0.4337756037712097
9,0.6734429597854614,0.6172698736190796,0.5755910873413086,0.47064462304115295,0.44397521018981934,0.5070226788520813,0.4477384090423584,0.4346417188644409,0.43343585729599
10,0.671438455581665,0.611589789390564,0.5688619613647461,0.4654880166053772,0.44199323654174805,0.5009333491325378,0.44522812962532043,0.4344550669193268,0.43401873111724854
11,0.6694679260253906,0.6062630414962769,0.5626972913742065,0.4611930251121521,0.44050419330596924,0.4955247640609741,0.4432668685913086,0.4343242943286896,0.4348185360431671
12,0.667530357837677,0.601254403591156,0.5570161938667297,0.45759710669517517,0.43936920166015625,0.4906289875507355,0.4416765868663788,0.43413057923316956,0.4336850345134735
13,0.6656251549720764,0.596533477306366,0.5517532229423523,0.45457157492637634,0.43849217891693115,0.4862406253814697,0.44047677516937256,0.43430864810943604,0.43578144907951355
14,0.663751482963562,0.5920733213424683,0.5468552708625793,0.45201385021209717,0.43780553340911865,0.4822308123111725,0.4394041895866394,0.43392348289489746,0.4333886504173279
15,0.661908745765686,0.5878501534461975,0.5422784686088562,0.44984185695648193,0.43726107478141785,0.4785756468772888,0.43854618072509766,0.43380945920944214,0.4331814646720886
16,0.6600961685180664,0.583842933177948,0.5379866361618042,0.44798943400382996,0.4368240237236023,0.4752521216869354,0.43786197900772095,0.43382200598716736,0.43403515219688416
17,0.658312976360321,0.5800330638885498,0.5339494943618774,0.4464032053947449,0.43646901845932007,0.47229042649269104,0.4373495280742645,0.43391090631484985,0.4359305799007416
18,0.6565585732460022,0.5764040350914001,0.5301414132118225,0.4450395107269287,0.436177134513855,0.46955910325050354,0.4368782937526703,0.4337306320667267,0.43406251072883606
19,0.6548322439193726,0.572941243648529,0.5265408158302307,0.44386279582977295,0.4359343349933624,0.4670524001121521,0.43650922179222107,0.43387895822525024,0.4359724223613739
20,0.6531333923339844,0.5696314573287964,0.5231289863586426,0.4428436756134033,0.43573006987571716,0.4647352397441864,0.4361579716205597,0.4336700141429901,0.4337143898010254
21,0.6514613628387451,0.5664629936218262,0.5198901891708374,0.4419580399990082,0.4355563521385193,0.46267321705818176,0.4358801543712616,0.4336116909980774,0.4344094693660736
22,0.649815559387207,0.5634252429008484,0.5168103575706482,0.4411858022212982,0.43540695309638977,0.4607151448726654,0.4356248676776886,0.43354517221450806,0.43353819847106934
23,0.6481954455375671,0.5605089664459229,0.5138774514198303,0.44051024317741394,0.43527719378471375,0.458909809589386,0.4353892207145691,0.43348708748817444,0.4335343539714813
24,0.6466002464294434,0.5577054023742676,0.5110809206962585,0.4399174749851227,0.43516331911087036,0.4572557508945465,0.4352070987224579,0.4334593415260315,0.4334663450717926
25,0.645029604434967,0.5550069808959961,0.5084112882614136,0.43939557671546936,0.4350624978542328,0.4557696282863617,0.4350825548171997,0.43354853987693787,0.4344971776008606
26,0.6434828639030457,0.5524068474769592,0.5058601498603821,0.438934862613678,0.4349724054336548,0.45435282588005066,0.4349275529384613,0.43342944979667664,0.4333013892173767
27,0.641959547996521,0.5498985648155212,0.5034201145172119,0.4385268986225128,0.4348912239074707,0.453088641166687,0.43481966853141785,0.43342745304107666,0.43368032574653625
28,0.6404590606689453,0.5474764108657837,0.5010843873023987,0.43816453218460083,0.4348175823688507,0.451894611120224,0.4347098171710968,0.43337687849998474,0.4331381618976593
29,0.6389808654785156,0.5451353192329407,0.4988468587398529,0.4378417730331421,0.4347502589225769,0.45078930258750916,0.4346081614494324,0.43336543440818787,0.4333048164844513
30,0.6375246047973633,0.5428704023361206,0.49670201539993286,0.4375534951686859,0.43468838930130005,0.4497523307800293,0.4345214366912842,0.4333910346031189,0.4335741400718689
31,0.6360896229743958,0.5406773686408997,0.49464479088783264,0.4372952878475189,0.4346311092376709,0.4488098919391632,0.4344499409198761,0.43352869153022766,0.43592125177383423
32,0.6346756219863892,0.5385522842407227,0.492670476436615,0.43706339597702026,0.43457791209220886,0.447924941778183,0.43438470363616943,0.43338894844055176,0.4341510534286499
33,0.633281946182251,0.5364914536476135,0.49077486991882324,0.43685445189476013,0.4345281422138214,0.44709956645965576,0.4343041181564331,0.4333408772945404,0.43355074524879456
34,0.6319083571434021,0.5344914197921753,0.48895397782325745,0.43666577339172363,0.43448156118392944,0.44632989168167114,0.4342493414878845,0.4333333671092987,0.43361926078796387
35,0.6305542588233948,0.5325493812561035,0.48720410466194153,0.4364948570728302,0.4344375729560852,0.44562336802482605,0.4342602789402008,0.43375423550605774,0.4382557272911072
36,0.6292192935943604,0.5306622982025146,0.4855218827724457,0.43633970618247986,0.4343961775302887,0.4449619650840759,0.4341832101345062,0.43333563208580017,0.43339288234710693
37,0.6279029846191406,0.5288274884223938,0.4839041233062744,0.4361983835697174,0.4343568682670593,0.4443323016166687,0.4341247081756592,0.43327027559280396,0.4332256317138672
38,0.6266049742698669,0.52704256772995,0.4823477268218994,0.4360693395137787,0.4343196153640747,0.44376444816589355,0.4340861737728119,0.433316171169281,0.4339803159236908
39,0.6253248453140259,0.5253053903579712,0.4808499813079834,0.43595126271247864,0.43428415060043335,0.4432533383369446,0.43404096364974976,0.433249831199646,0.43329229950904846
40,0.6240622997283936,0.523613691329956,0.47940823435783386,0.4358428120613098,0.43425020575523376,0.4427582025527954,0.43400609493255615,0.4332524240016937,0.43334490060806274
41,0.6228168606758118,0.521965742111206,0.478020042181015,0.4357430338859558,0.4342179000377655,0.44228237867355347,0.43397971987724304,0.43336790800094604,0.43442288041114807
42,0.6215883493423462,0.520359456539154,0.4766829311847687,0.4356510043144226,0.4341869354248047,0.44184187054634094,0.43394654989242554,0.43328917026519775,0.4336238503456116
43,0.6203759908676147,0.5187933444976807,0.4753948450088501,0.4355658292770386,0.434157133102417,0.4414268434047699,0.4339059889316559,0.4332130253314972,0.43340572714805603
44,0.619179904460907,0.5172656774520874,0.4741535782814026,0.43548688292503357,0.43412861227989197,0.4410288333892822,0.4338890016078949,0.4332944452762604,0.4339953660964966
45,0.6179994940757751,0.5157751441001892,0.47295713424682617,0.4354134500026703,0.4341011941432953,0.4406917095184326,0.4338719844818115,0.43346208333969116,0.43555405735969543
46,0.6168344020843506,0.5143201351165771,0.4718036949634552,0.4353451132774353,0.43407487869262695,0.4403539299964905,0.43383240699768066,0.4332510530948639,0.4341941177845001
47,0.6156845688819885,0.5128995776176453,0.47069141268730164,0.4352811872959137,0.43404948711395264,0.44004037976264954,0.4338150918483734,0.4332134425640106,0.4333263635635376
48,0.614549458026886,0.511512041091919,0.4696185886859894,0.4352213442325592,0.43402498960494995,0.43973782658576965,0.4337979555130005,0.43325623869895935,0.4343881905078888
49,0.6134287714958191,0.510156512260437,0.4685836434364319,0.4351651966571808,0.4340013861656189,0.439453125,0.43378233909606934,0.4332454204559326,0.4337644875049591
50,0.6123223900794983,0.508831799030304,0.4675849974155426,0.4351123571395874,0.4339786171913147,0.4391876757144928,0.4337537884712219,0.43323662877082825,0.4336249828338623
51,0.6112297773361206,0.5075368881225586,0.4666212201118469,0.43506258726119995,0.4339565634727478,0.4389324486255646,0.4337342381477356,0.4331757724285126,0.43331462144851685
52,0.6101507544517517,0.5062708854675293,0.4656907916069031,0.43501558899879456,0.43393534421920776,0.43872684240341187,0.4337928295135498,0.43391069769859314,0.441805899143219
53,0.609085202217102,0.5050327777862549,0.46479254961013794,0.43497106432914734,0.43391475081443787,0.438485324382782,0.4337465465068817,0.4333108365535736,0.4338625967502594
54,0.6080325841903687,0.5038217306137085,0.4639250934123993,0.434928834438324,0.4338948428630829,0.43827882409095764,0.4336940050125122,0.4331909418106079,0.4334441125392914
55,0.6069928407669067,0.5026367902755737,0.46308720111846924,0.4348887503147125,0.43387553095817566,0.4380752444267273,0.43367835879325867,0.43322619795799255,0.4340580105781555
56,0.6059656143188477,0.5014773607254028,0.4622778296470642,0.4348505735397339,0.43385690450668335,0.43788301944732666,0.4336617588996887,0.4331662058830261,0.4331481158733368
57,0.6049507260322571,0.5003426671028137,0.46149569749832153,0.43481412529945374,0.433838814496994,0.43770062923431396,0.43364667892456055,0.43314996361732483,0.4331711530685425
58,0.6039478778839111,0.49923184514045715,0.4607399106025696,0.4347793757915497,0.43382132053375244,0.43753889203071594,0.43363845348358154,0.4332801401615143,0.43512263894081116
59,0.6029567718505859,0.4981442987918854,0.46000930666923523,0.43474605679512024,0.43380433320999146,0.43738511204719543,0.433653324842453,0.433393269777298,0.4360891282558441
60,0.6019773483276367,0.49707937240600586,0.45930299162864685,0.43471425771713257,0.4337877333164215,,,,
61,0.6010093092918396,0.4960363507270813,0.4586201012134552,0.434683620929718,0.4337718188762665,,,,
62,0.6000523567199707,0.49501481652259827,0.4579596221446991,0.43465426564216614,0.4337562322616577,,,,
63,0.5991064310073853,0.49401402473449707,0.4573207497596741,0.43462589383125305,0.43374112248420715,,,,
64,0.5981712341308594,0.4930335283279419,0.45670264959335327,0.4345987141132355,0.4337265193462372,,,,
65,0.597246527671814,0.492072731256485,0.456104576587677,0.43457239866256714,0.43371230363845825,,,,
66,0.5963320732116699,0.49113115668296814,0.45552584528923035,0.43454697728157043,0.43369847536087036,,,,
67,0.5954278707504272,0.49020832777023315,0.45496565103530884,0.43452247977256775,0.4336850643157959,,,,
68,0.5945335030555725,0.48930373787879944,0.45442330837249756,0.43449869751930237,0.4336719512939453,,,,
69,0.5936489701271057,0.48841696977615356,0.45389819145202637,0.43447569012641907,0.43365928530693054,,,,
70,0.592773973941803,0.48754754662513733,0.45338964462280273,0.43445339798927307,0.43364688754081726,,,,
71,0.5919084548950195,0.4866950213909149,0.4528970420360565,0.4344317615032196,0.43363484740257263,,,,
72,0.5910521745681763,0.48585912585258484,0.4524199068546295,0.4344106912612915,0.4336231052875519,,,,
73,0.5902048349380493,0.48503926396369934,0.4519576132297516,0.43439021706581116,0.43361178040504456,,,,
74,0.5893665552139282,0.4842352271080017,0.451509565114975,0.43437033891677856,0.4336005747318268,,,,
75,0.5885369181632996,0.48344653844833374,0.4510754644870758,0.43435099720954895,0.4335898160934448,,,,
76,0.5877159237861633,0.48267295956611633,0.4506545960903168,0.43433213233947754,0.43357932567596436,,,,
77,0.5869032740592957,0.4819140136241913,0.45024654269218445,0.4343137741088867,0.4335691034793854,,,,
78,0.5860989689826965,0.48116931319236755,0.4498509466648102,0.43429580330848694,0.4335590600967407,,,,
79,0.5853028297424316,0.480438768863678,0.449467271566391,0.434278279542923,0.43354925513267517,,,,
80,0.5845146775245667,0.4797218441963196,0.44909510016441345,0.4342612028121948,0.4335397779941559,,,,
81,0.583734393119812,0.4790183901786804,0.4487341046333313,0.4342445135116577,0.4335305690765381,,,,
82,0.5829617977142334,0.4783279299736023,0.4483838677406311,0.43422824144363403,0.4335215091705322,,,,
83,0.582196831703186,0.47765031456947327,0.4480440318584442,0.43421223759651184,0.4335126578807831,,,,
84,0.5814393162727356,0.47698527574539185,0.4477142095565796,0.43419668078422546,0.43350404500961304,,,,
85,0.5806891918182373,0.4763324558734894,0.4473940432071686,0.4341813921928406,0.4334956705570221,,,,
86,0.5799462199211121,0.47569161653518677,0.4470832645893097,0.43416646122932434,0.4334874749183655,,,,
87,0.5792103409767151,0.4750625193119049,0.4467815160751343,0.4341517984867096,0.4334794878959656,,,,
88,0.5784814357757568,0.4744448959827423,0.44648852944374084,0.4341374933719635,0.4334716796875,,,,
89,0.5777594447135925,0.4738384783267975,0.44620397686958313,0.4341234862804413,0.43346402049064636,,,,
90,0.5770441889762878,0.4732430875301361,0.44592756032943726,0.43410971760749817,0.4334565997123718,,,,
91,0.5763354897499084,0.4726583957672119,0.4456590712070465,0.43409615755081177,0.43344932794570923,,,,
92,0.5756334066390991,0.47208428382873535,0.4453982412815094,0.4340829849243164,0.43344220519065857,,,,
93,0.574937641620636,0.47152048349380493,0.44514477252960205,0.43406999111175537,0.43343523144721985,,,,
94,0.5742483735084534,0.47096675634384155,0.44489845633506775,0.43405723571777344,0.43342840671539307,,,,
95,0.5735652446746826,0.4704228639602661,0.44465896487236023,0.434044748544693,0.433421790599823,,,,
96,0.572888195514679,0.46988868713378906,0.44442620873451233,0.43403246998786926,0.43341532349586487,,,,
97,0.5722171664237976,0.4693640172481537,0.44419994950294495,0.43402037024497986,0.4334089457988739,,,,
98,0.5715521574020386,0.4688485860824585,0.443979948759079,0.4340086281299591,0.4334027171134949,,,,
99,0.570892870426178,0.46834227442741394,0.4437659978866577,0.4339969754219055,0.4333966076374054,,,,
100,0.5702394843101501,0.4678448438644409,0.44355782866477966,0.43398553133010864,0.43339064717292786,,,,
101,0.5695915818214417,0.4673561453819275,0.44335541129112244,0.4339742660522461,0.43338483572006226,,,,
102,0.5689493417739868,0.4668760597705841,0.44315844774246216,0.4339633285999298,0.4333791136741638,,,,
103,0.5683125853538513,0.4664042592048645,0.44296687841415405,0.4339524209499359,0.4333735406398773,,,,
104,0.5676812529563904,0.4659406840801239,0.44278040528297424,0.4339418113231659,0.43336808681488037,,,,
105,0.5670552253723145,0.465485155582428,0.44259902834892273,0.4339313209056854,0.4333627223968506,,,,
106,0.5664344429969788,0.4650375247001648,0.44242238998413086,0.4339210093021393,0.43335747718811035,,,,
107,0.5658187866210938,0.46459752321243286,0.44225043058395386,0.43391087651252747,0.4333522915840149,,,,
108,0.5652082562446594,0.46416521072387695,0.4420830011367798,0.43390092253685,0.43334728479385376,,,,
109,0.5646027326583862,0.4637402892112732,0.44192013144493103,0.43389105796813965,0.4333423376083374,,,,
110,0.5640021562576294,0.46332257986068726,0.44176143407821655,0.4338814318180084,0.4333374798297882,,,,
111,0.5634064674377441,0.46291202306747437,0.4416068494319916,0.43387192487716675,0.43333277106285095,,,,
112,0.5628155469894409,0.4625084698200226,0.44145628809928894,0.433862566947937,0.4333280920982361,,,,
113,0.562229335308075,0.46211180090904236,0.4413096606731415,0.433853417634964,0.43332356214523315,,,,
114,0.5616477131843567,0.4617217779159546,0.4411667585372925,0.43384435772895813,0.4333190619945526,,,,
115,0.5610708594322205,0.4613383412361145,0.44102755188941956,0.433835506439209,0.4333146810531616,,,,
116,0.5604984760284424,0.46096137166023254,0.4408918619155884,0.43382665514945984,0.4333103597164154,,,,
117,0.5599305033683777,0.4605907201766968,0.44075968861579895,0.4338180124759674,0.43330612778663635,,,,
118,0.5593670010566711,0.46022629737854004,0.44063079357147217,0.4338095188140869,0.43330201506614685,,,,
119,0.5588077902793884,0.4598679840564728,0.44050514698028564,0.43380114436149597,0.43329793214797974,,,,
120,0.5582529306411743,0.45951560139656067,0.4403826594352722,0.4337928593158722,0.4332939386367798,,,,
121,0.5577021837234497,0.45916908979415894,0.44026321172714233,0.4337847828865051,0.4332900047302246,,,,
122,0.5571557283401489,0.45882830023765564,0.4401467442512512,0.43377676606178284,0.4332861006259918,,,,
123,0.5566133260726929,0.458493173122406,0.4400331974029541,0.4337688386440277,0.4332823157310486,,,,
124,0.5560749173164368,0.4581635892391205,0.43992242217063904,0.4337610900402069,0.4332786500453949,,,,
125,0.5555406212806702,0.4578394591808319,0.43981435894966125,0.43375343084335327,0.4332749545574188,,,,
126,0.555010199546814,0.4575205147266388,0.43970897793769836,0.4337459206581116,0.4332713484764099,,,,
127,0.5544837117195129,0.4572068750858307,0.4396060109138489,0.43373844027519226,0.43326789140701294,,,,
128,0.5539610981941223,0.45689836144447327,0.4395056664943695,0.4337311089038849,0.4332643747329712,,,,
129,0.5534421801567078,0.4565948247909546,0.43940767645835876,0.43372389674186707,0.433260977268219,,,,
130,0.5529271364212036,0.4562962055206299,0.43931207060813904,0.433716744184494,0.4332576096057892,,,,
131,0.5524156093597412,0.45600247383117676,0.4392186999320984,0.4337097704410553,0.43325427174568176,,,,
132,0.5519078373908997,0.4557134807109833,0.439127653837204,0.4337027966976166,0.4332510828971863,,,,
133,0.5514037013053894,0.45542916655540466,0.43903863430023193,0.4336959719657898,0.4332479238510132,,,,
134,0.5509031414985657,0.4551493227481842,0.4389517307281494,0.43368929624557495,0.4332447946071625,,,,
135,0.5504060387611389,0.45487406849861145,0.4388669729232788,0.4336826801300049,0.43324169516563416,,,,
136,0.5499123930931091,0.4546031653881073,0.43878406286239624,0.4336760938167572,0.4332386255264282,,,,
137,0.5494222044944763,0.45433664321899414,0.43870314955711365,0.43366965651512146,0.43323564529418945,,,,
138,0.5489354133605957,0.4540742337703705,0.4386240541934967,0.4336632788181305,0.43323272466659546,,,,
139,0.5484519600868225,0.45381614565849304,0.4385468363761902,0.4336570203304291,0.43322986364364624,,,,
140,0.547971785068512,0.45356208086013794,0.43847137689590454,0.43365079164505005,0.4332270324230194,,,,
141,0.5474948287010193,0.4533120095729828,0.4383976459503174,0.43364474177360535,0.4332242012023926,,,,
142,0.5470211505889893,0.4530659019947052,0.43832558393478394,0.43363869190216064,0.4332214295864105,,,,
143,0.5465506315231323,0.45282360911369324,0.43825510144233704,0.4336327612400055,0.43321868777275085,,,,
144,0.5460832118988037,0.45258522033691406,0.43818625807762146,0.4336269199848175,0.43321603536605835,,,,
145,0.545619010925293,0.4523504376411438,0.43811893463134766,0.4336211383342743,0.43321341276168823,,,,
146,0.5451578497886658,0.4521194100379944,0.43805307149887085,0.43361541628837585,0.4332107901573181,,,,
147,0.5446996092796326,0.4518919289112091,0.4379887580871582,0.43360984325408936,0.43320825695991516,,,,
148,0.5442445278167725,0.45166799426078796,0.4379258155822754,0.43360427021980286,0.433205783367157,,,,
149,0.5437923073768616,0.4514475464820862,0.43786418437957764,0.4335987865924835,0.4332032799720764,,,,
150,0.5433430075645447,0.4512304663658142,0.4378040134906769,0.43359336256980896,0.43320080637931824,,,,
151,0.5428966879844666,0.45101672410964966,0.4377451241016388,0.4335879981517792,0.43319836258888245,,,,
152,0.5424531698226929,0.45080628991127014,0.4376875162124634,0.43358269333839417,0.4331960082054138,,,,
153,0.5420124530792236,0.4505990743637085,0.43763118982315063,0.4335775077342987,0.4331936538219452,,,,
154,0.5415745973587036,0.45039501786231995,0.43757593631744385,0.433572381734848,0.43319135904312134,,,,
155,0.5411394834518433,0.4501941502094269,0.43752193450927734,0.4335673451423645,0.4331890940666199,,,,
156,0.5407071113586426,0.44999632239341736,0.43746912479400635,0.433562308549881,0.43318691849708557,,,,
157,0.5402774214744568,0.4498014450073242,0.4374174475669861,0.4335573613643646,0.4331846237182617,,,,
158,0.5398503541946411,0.44960951805114746,0.4373667538166046,0.43355247378349304,0.4331825077533722,,,,
159,0.5394260287284851,0.4494205117225647,0.43731722235679626,0.433547705411911,0.4331803321838379,,,,
160,0.5390042662620544,0.44923436641693115,0.4372686743736267,0.433542937040329,0.433178186416626,,,,
161,0.5385851263999939,0.44905099272727966,0.43722110986709595,0.4335382282733917,0.43317610025405884,,,,
162,0.5381685495376587,0.4488704204559326,0.43717458844184875,0.433533638715744,0.4331740438938141,,,,
163,0.5377545356750488,0.44869253039360046,0.4371289610862732,0.4335290193557739,0.43317198753356934,,,,
164,0.5373430252075195,0.4485172629356384,0.43708428740501404,0.433524489402771,0.433169960975647,,,,
165,0.536933958530426,0.4483446478843689,0.4370405375957489,0.43352004885673523,0.433167964220047,,,,
166,0.5365273356437683,0.4481745660305023,0.4369976818561554,0.4335155785083771,0.4331660568714142,,,,
167,0.5361231565475464,0.4480069875717163,0.43695569038391113,0.4335111975669861,0.4331640899181366,,,,
168,0.5357213616371155,0.44784194231033325,0.4369145333766937,0.43350696563720703,0.43316221237182617,,,,
169,0.5353220701217651,0.447679340839386,0.4368741512298584,0.4335026741027832,0.43316033482551575,,,,
170,0.5349249243736267,0.44751906394958496,0.4368346333503723,0.4334985017776489,0.4331584870815277,,,,
171,0.5345302820205688,0.4473612308502197,0.4367958605289459,0.43349432945251465,0.43315666913986206,,,,
172,0.5341378450393677,0.44720569252967834,0.4367578625679016,0.43349024653434753,0.43315479159355164,,,,
173,0.5337477326393127,0.4470524191856384,0.4367206394672394,0.4334861636161804,0.43315309286117554,,,,
174,0.533359944820404,0.4469013512134552,0.43668410181999207,0.43348217010498047,0.4331512451171875,,,,
175,0.5329742431640625,0.44675251841545105,0.43664830923080444,0.4334782063961029,0.4331495463848114,,,,
176,0.5325908660888672,0.4466058015823364,0.43661317229270935,0.4334743022918701,0.4331477880477905,,,,
177,0.5322096347808838,0.4464612305164337,0.4365786612033844,0.43347039818763733,0.43314602971076965,,,,
178,0.5318306684494019,0.44631877541542053,0.43654489517211914,0.4334665834903717,0.4331444203853607,,,,
179,0.5314537882804871,0.4461783170700073,0.43651169538497925,0.43346279859542847,0.4331427812576294,,,,
180,0.5310789942741394,0.44603997468948364,0.4364791512489319,0.43345907330513,0.4331411123275757,,,,
181,0.5307062864303589,0.4459035098552704,0.43644729256629944,0.43345537781715393,0.43313950300216675,,,,
182,0.5303357839584351,0.4457690417766571,0.4364158809185028,0.43345174193382263,0.4331378936767578,,,,
183,0.5299673676490784,0.44563648104667664,0.4363851547241211,0.4334481358528137,0.43313634395599365,,,,
184,0.5296009182929993,0.44550585746765137,0.43635496497154236,0.433444619178772,0.4331347644329071,,,,
185,0.5292364954948425,0.44537705183029175,0.4363253116607666,0.43344104290008545,0.43313318490982056,,,,
186,0.5288740992546082,0.44525009393692017,0.4362961947917938,0.43343761563301086,0.43313169479370117,,,,
187,0.5285136699676514,0.44512489438056946,0.4362676441669464,0.4334341585636139,0.433130145072937,,,,
188,0.5281552672386169,0.4450015127658844,0.43623965978622437,0.4334307312965393,0.43312868475914,,,,
189,0.5277987718582153,0.4448798596858978,0.43621206283569336,0.4334273636341095,0.433127224445343,,,,
190,0.5274442434310913,0.44475990533828735,0.4361850321292877,0.4334239959716797,0.43312573432922363,,,,
191,0.5270916819572449,0.4446416199207306,0.4361584782600403,0.43342071771621704,0.43312424421310425,,,,
192,0.5267409682273865,0.4445250332355499,0.43613237142562866,0.43341749906539917,0.4331228733062744,,,,
193,0.5263921618461609,0.4444099962711334,0.43610674142837524,0.4334142506122589,0.43312153220176697,,,,
194,0.5260451436042786,0.444296658039093,0.43608152866363525,0.4334110617637634,0.43312010169029236,,,,
195,0.5257000923156738,0.4441847801208496,0.4360567629337311,0.43340790271759033,0.4331187307834625,,,,
196,0.5253568291664124,0.4440745711326599,0.43603241443634033,0.433404803276062,0.4331173598766327,,,,
197,0.5250153541564941,0.4439657926559448,0.4360085427761078,0.4334017336368561,0.43311598896980286,,,,
198,0.524675726890564,0.4438585937023163,0.4359849989414215,0.43339863419532776,0.4331147074699402,,,,
199,0.524337887763977,0.44375282526016235,0.43596187233924866,0.433395653963089,0.43311336636543274,,,,
200,0.5240017771720886,0.4436485469341278,0.43593913316726685,0.4333926737308502,0.43311211466789246,,,,
201,0.5236674547195435,0.4435456395149231,0.43591684103012085,0.43338972330093384,0.4331108033657074,,,,
202,0.5233349800109863,0.4434441924095154,0.4358949065208435,0.43338680267333984,0.4331095218658447,,,,
203,0.5230039358139038,0.4433440864086151,0.4358732998371124,0.433383971452713,0.43310827016830444,,,,
204,0.5226749181747437,0.44324541091918945,0.4358519911766052,0.4333810806274414,0.43310701847076416,,,,
205,0.5223473906517029,0.4431479871273041,0.43583112955093384,0.4333782196044922,0.43310579657554626,,,,
206,0.5220216512680054,0.4430519640445709,0.4358106255531311,0.4333754777908325,0.433104544878006,,,,
207,0.5216975212097168,0.44295719265937805,0.43579035997390747,0.4333726763725281,0.4331033527851105,,,,
208,0.5213751792907715,0.44286367297172546,0.43577051162719727,0.43336987495422363,0.43310219049453735,,,,
209,0.5210543870925903,0.4427715241909027,0.4357508420944214,0.43336722254753113,0.43310102820396423,,,,
210,0.5207352638244629,0.4426805078983307,0.43573158979415894,0.43336451053619385,0.4330998361110687,,,,
211,0.5204176306724548,0.44259077310562134,0.43571263551712036,0.43336182832717896,0.4330987334251404,,,,
212,0.5201016664505005,0.4425022006034851,0.4356939494609833,0.4333592653274536,0.4330975413322449,,,,
213,0.5197873711585999,0.4424148499965668,0.43567565083503723,0.4333566427230835,0.43309643864631653,,,,
214,0.5194746255874634,0.44232863187789917,0.4356575310230255,0.43335404992103577,0.4330953061580658,,,,
215,0.5191633701324463,0.4422435164451599,0.4356396794319153,0.4333515167236328,0.43309420347213745,,,,
216,0.5188536643981934,0.44215965270996094,0.4356222152709961,0.43334901332855225,0.4330931007862091,,,,
217,0.5185455679893494,0.44207677245140076,0.43560490012168884,0.4333464801311493,0.43309202790260315,,,,
218,0.51823890209198,0.4419949948787689,0.43558788299560547,0.4333440363407135,0.4330909550189972,,,,
219,0.5179338455200195,0.44191431999206543,0.4355711340904236,0.4333416223526001,0.4330899119377136,,,,
220,0.5176302194595337,0.4418347477912903,0.4355546832084656,0.43333908915519714,0.43308883905410767,,,,
221,0.517328143119812,0.4417561888694763,0.4355383813381195,0.4333367347717285,0.4330877959728241,,,,
222,0.5170275568962097,0.44167864322662354,0.4355223476886749,0.4333343505859375,0.4330868124961853,,,,
223,0.516728401184082,0.4416021406650543,0.43550658226013184,0.43333208560943604,0.4330857992172241,,,,
224,0.516430675983429,0.4415266215801239,0.43549105525016785,0.43332967162132263,0.43308478593826294,,,,
225,0.5161344408988953,0.4414520561695099,0.4354757070541382,0.4333273470401764,0.43308374285697937,,,,
226,0.5158395767211914,0.44137847423553467,0.43546056747436523,0.4333250820636749,0.43308281898498535,,,,
227,0.5155462622642517,0.44130587577819824,0.4354456663131714,0.43332281708717346,0.43308183550834656,,,,
228,0.5152542591094971,0.44123420119285583,0.43543100357055664,0.4333205819129944,0.43308088183403015,,,,
229,0.5149637460708618,0.44116342067718506,0.4354165196418762,0.4333183765411377,0.43307986855506897,,,,
230,0.5146745443344116,0.4410935938358307,0.4354022741317749,0.43331611156463623,0.4330790042877197,,,,
231,0.5143867135047913,0.44102466106414795,0.4353882372379303,0.4333139955997467,0.43307802081108093,,,,
232,0.5141003131866455,0.4409565329551697,0.43537431955337524,0.43331179022789,0.4330770671367645,,,,
233,0.5138152241706848,0.44088926911354065,0.4353606700897217,0.4333096742630005,0.4330761432647705,,,,
234,0.513531506061554,0.44082292914390564,0.43534716963768005,0.43330758810043335,0.43307527899742126,,,,
235,0.5132491588592529,0.4407574236392975,0.43533384799957275,0.43330544233322144,0.43307435512542725,,,,
236,0.512968122959137,0.4406927227973938,0.43532073497772217,0.4333033561706543,0.4330735206604004,,,,
237,0.512688398361206,0.44062894582748413,0.43530774116516113,0.43330132961273193,0.433072566986084,,,,
238,0.5124099850654602,0.44056588411331177,0.4352949559688568,0.43329930305480957,0.43307173252105713,,,,
239,0.5121328830718994,0.44050362706184387,0.4352823495864868,0.4332972466945648,0.4330708682537079,,,,
240,0.5118570327758789,0.44044211506843567,0.43526989221572876,0.43329524993896484,0.43307003378868103,,,,
241,0.511582612991333,0.4403814375400543,0.43525761365890503,0.43329331278800964,0.4330691993236542,,,,
242,0.5113092660903931,0.4403214454650879,0.43524542450904846,0.4332912862300873,0.43306833505630493,,,,
243,0.5110374093055725,0.4402623176574707,0.4352335035800934,0.43328940868377686,0.43306753039360046,,,,
244,0.5107665657997131,0.44020381569862366,0.43522170186042786,0.43328747153282166,0.4330666661262512,,,,
245,0.5104971528053284,0.4401460886001587,0.4352100193500519,0.43328553438186646,0.43306586146354675,,,,
246,0.5102289319038391,0.44008907675743103,0.43519845604896545,0.43328359723091125,0.4330650866031647,,,,
247,0.5099619626998901,0.4400327205657959,0.43518710136413574,0.43328171968460083,0.4330642521381378,,,,
248,0.5096961259841919,0.43997716903686523,0.4351758658885956,0.4332799017429352,0.43306347727775574,,,,
249,0.5094316005706787,0.4399222135543823,0.43516474962234497,0.43327802419662476,0.43306270241737366,,,,
250,0.5091682076454163,0.43986794352531433,0.4351537823677063,0.4332762062549591,0.4330618977546692,,,,
251,0.5089061260223389,0.43981435894966125,0.4351429343223572,0.43327441811561584,0.4330611228942871,,,,
252,0.5086450576782227,0.4397614002227783,0.4351322650909424,0.4332726001739502,0.4330603778362274,,,,
253,0.5083853602409363,0.4397091269493103,0.43512165546417236,0.43327081203460693,0.4330596327781677,,,,
254,0.5081266760826111,0.43965744972229004,0.43511125445365906,0.43326905369758606,0.43305888772010803,,,,
255,0.507869303226471,0.4396064281463623,0.43510088324546814,0.4332672655582428,0.4330582022666931,,,,
256,0.5076130032539368,0.4395560324192047,0.43509069085121155,0.4332655668258667,0.43305739760398865,,,,
257,0.5073578357696533,0.4395062327384949,0.4350806474685669,0.4332638382911682,0.4330567419528961,,,,
258,0.5071038603782654,0.4394570291042328,0.435070663690567,0.4332621097564697,0.4330559968948364,,,,
259,0.5068511366844177,0.43940839171409607,0.4350607991218567,0.433260440826416,0.43305525183677673,,,,
260,0.5065993666648865,0.43936043977737427,0.4350510835647583,0.4332587420940399,0.4330545663833618,,,,
261,0.5063487887382507,0.43931296467781067,0.43504148721694946,0.4332570731639862,0.4330538511276245,,,,
262,0.506099283695221,0.4392661452293396,0.4350318908691406,0.4332554340362549,0.4330531358718872,,,,
263,0.5058509707450867,0.43921977281570435,0.4350225031375885,0.43325379490852356,0.4330524802207947,,,,
264,0.5056036710739136,0.43917399644851685,0.43501317501068115,0.43325215578079224,0.4330518841743469,,,,
265,0.5053575038909912,0.4391287863254547,0.43500399589538574,0.4332505762577057,0.4330511689186096,,,,
266,0.50511234998703,0.43908408284187317,0.4349949061870575,0.43324893712997437,0.4330505132675171,,,,
267,0.5048683881759644,0.439039945602417,0.4349859058856964,0.43324732780456543,0.4330498278141022,,,,
268,0.5046254396438599,0.4389963150024414,0.4349769651889801,0.43324580788612366,0.43304917216300964,,,,
269,0.5043836236000061,0.4389531910419464,0.43496817350387573,0.4332442879676819,0.4330485463142395,,,,
270,0.5041428208351135,0.4389105439186096,0.4349595010280609,0.4332427382469177,0.43304792046546936,,,,
271,0.5039030313491821,0.4388684928417206,0.4349508285522461,0.4332411587238312,0.43304726481437683,,,,
272,0.5036643147468567,0.4388268291950226,0.4349423348903656,0.4332396686077118,0.4330466389656067,,,,
273,0.503426730632782,0.43878570199012756,0.4349338710308075,0.43323814868927,0.4330459535121918,,,,
274,0.5031900405883789,0.43874499201774597,0.43492552638053894,0.43323665857315063,0.4330454170703888,,,,
275,0.5029544234275818,0.43870484828948975,0.43491724133491516,0.43323513865470886,0.43304479122161865,,,,
276,0.5027198195457458,0.43866515159606934,0.43490901589393616,0.43323370814323425,0.4330442249774933,,,,
277,0.5024862885475159,0.43862590193748474,0.4349009096622467,0.43323224782943726,0.43304356932640076,,,,
278,0.5022536516189575,0.4385870397090912,0.4348929524421692,0.43323081731796265,0.4330430328845978,,,,
279,0.5020221471786499,0.4385487139225006,0.4348849952220917,0.43322935700416565,0.43304240703582764,,,,
280,0.5017916560173035,0.43851080536842346,0.43487709760665894,0.43322792649269104,0.4330418109893799,,,,
281,0.5015620589256287,0.43847331404685974,0.43486928939819336,0.43322649598121643,0.43304121494293213,,,,
282,0.5013334155082703,0.43843626976013184,0.43486160039901733,0.4332251250743866,0.433040589094162,,,,
283,0.5011058449745178,0.43839961290359497,0.4348539710044861,0.43322378396987915,0.4330401122570038,,,,
284,0.500879168510437,0.4383634626865387,0.4348464012145996,0.43322229385375977,0.4330395460128784,,,,
285,0.5006534457206726,0.4383276104927063,0.4348389208316803,0.4332209527492523,0.43303894996643066,,,,
286,0.5004287958145142,0.4382922351360321,0.43483152985572815,0.4332196116447449,0.4330384135246277,,,,
287,0.5002050399780273,0.43825721740722656,0.434824138879776,0.43321824073791504,0.4330379068851471,,,,
288,0.4999822676181793,0.43822261691093445,0.4348168969154358,0.4332168996334076,0.4330373704433441,,,,
289,0.49976038932800293,0.4381884038448334,0.43480968475341797,0.43321558833122253,0.43303683400154114,,,,
290,0.49953946471214294,0.43815457820892334,0.43480250239372253,0.4332142770290375,0.43303632736206055,,,,
291,0.49931949377059937,0.43812111020088196,0.43479543924331665,0.4332129657268524,0.4330357611179352,,,,
292,0.4991004168987274,0.4380880296230316,0.4347884953022003,0.43321168422698975,0.4330352544784546,,,,
293,0.49888238310813904,0.4380553066730499,0.4347814917564392,0.4332103431224823,0.433034747838974,,,,
294,0.49866506457328796,0.4380229711532593,0.43477457761764526,0.4332091212272644,0.4330342411994934,,,,
295,0.49844881892204285,0.4379909932613373,0.4347677528858185,0.43320780992507935,0.4330337345600128,,,,
296,0.4982333779335022,0.43795937299728394,0.43476104736328125,0.43320655822753906,0.4330332279205322,,,,
297,0.49801889061927795,0.43792814016342163,0.434754341840744,0.4332053065299988,0.43303272128105164,,,,
298,0.49780532717704773,0.43789711594581604,0.43474769592285156,0.4332040548324585,0.43303221464157104,,,,
299,0.49759262800216675,0.43786653876304626,0.4347411096096039,0.4332028329372406,0.43303173780441284,,,,
300,0.4973807632923126,0.43783628940582275,0.4347345232963562,0.4332015812397003,0.43303123116493225,,,,
301,0.4971699118614197,0.4378063678741455,0.43472805619239807,0.4332003891468048,0.43303078413009644,,,,
302,0.49695977568626404,0.43777674436569214,0.4347216486930847,0.4331991374492645,0.43303024768829346,,,,
303,0.4967506229877472,0.4377475082874298,0.43471527099609375,0.4331979751586914,0.4330298602581024,,,,
304,0.4965423047542572,0.4377184510231018,0.43470901250839233,0.4331967830657959,0.4330293834209442,,,,
305,0.49633488059043884,0.4376898407936096,0.43470272421836853,0.4331956207752228,0.433028906583786,,,,
306,0.49612829089164734,0.4376615285873413,0.4346964955329895,0.4331943690776825,0.4330284297466278,,,,
307,0.4959225356578827,0.4376335144042969,0.43469032645225525,0.43319326639175415,0.4330279231071472,,,,
308,0.4957175850868225,0.43760576844215393,0.43468424677848816,0.4331921339035034,0.4330275356769562,,,,
309,0.49551358819007874,0.43757835030555725,0.43467822670936584,0.4331909716129303,0.433027058839798,,,,
310,0.49531039595603943,0.4375511407852173,0.43467220664024353,0.43318983912467957,0.43302667140960693,,,,
311,0.4951080083847046,0.43752437829971313,0.4346662163734436,0.43318867683410645,0.43302616477012634,,,,
312,0.4949064254760742,0.4374977946281433,0.43466031551361084,0.4331875741481781,0.4330257475376129,,,,
313,0.4947056770324707,0.4374714493751526,0.4346543848514557,0.43318647146224976,0.4330253005027771,,,,
314,0.4945058226585388,0.4374454915523529,0.4346486032009125,0.433185338973999,0.43302497267723083,,,,
315,0.4943067133426666,0.4374197721481323,0.43464285135269165,0.43318429589271545,0.433024525642395,,,,
316,0.4941084682941437,0.43739432096481323,0.4346370995044708,0.4331831634044647,0.4330240786075592,,,,
317,0.4939109981060028,0.437369167804718,0.43463143706321716,0.4331820607185364,0.4330236613750458,,,,
318,0.4937143921852112,0.43734419345855713,0.4346258342266083,0.4331810176372528,0.43302324414253235,,,,
319,0.49351853132247925,0.4373195469379425,0.4346201419830322,0.43317991495132446,0.4330228269100189,,,,
320,0.493323415517807,0.437295138835907,0.4346145987510681,0.4331788420677185,0.4330224394798279,,,,
321,0.4931291341781616,0.43727099895477295,0.4346090853214264,0.4331778287887573,0.43302202224731445,,,,
322,0.4929357171058655,0.43724706768989563,0.43460360169410706,0.43317678570747375,0.4330216646194458,,,,
323,0.49274295568466187,0.4372234642505646,0.43459823727607727,0.4331756830215454,0.43302127718925476,,,,
324,0.4925510883331299,0.43720000982284546,0.4345927834510803,0.4331746995449066,0.4330208897590637,,,,
325,0.4923599362373352,0.4371768534183502,0.4345874786376953,0.43317362666130066,0.4330204725265503,,,,
326,0.492169588804245,0.43715396523475647,0.4345821440219879,0.43317267298698425,0.43302011489868164,,,,
327,0.4919799566268921,0.43713125586509705,0.4345768690109253,0.43317165970802307,0.4330197274684906,,,,
328,0.4917910695075989,0.4371088445186615,0.43457162380218506,0.4331706166267395,0.4330192804336548,,,,
329,0.49160298705101013,0.4370866119861603,0.4345664083957672,0.4331696331501007,0.4330189526081085,,,,
330,0.49141567945480347,0.43706458806991577,0.43456125259399414,0.4331686198711395,0.43301862478256226,,,,
331,0.4912290871143341,0.43704280257225037,0.4345560669898987,0.43316763639450073,0.4330182671546936,,,,
332,0.49104321002960205,0.43702128529548645,0.43455103039741516,0.43316665291786194,0.43301790952682495,,,,
333,0.4908580780029297,0.4369999170303345,0.43454593420028687,0.4331657290458679,0.4330175518989563,,,,
334,0.4906737804412842,0.4369787871837616,0.43454092741012573,0.4331647455692291,0.43301713466644287,,,,
335,0.490490198135376,0.4369578957557678,0.4345359802246094,0.4331638216972351,0.4330168068408966,,,,
336,0.4903073012828827,0.43693721294403076,0.43453097343444824,0.4331628084182739,0.43301644921302795,,,,
337,0.4901251494884491,0.4369167387485504,0.43452608585357666,0.4331619143486023,0.4330160915851593,,,,
338,0.4899436831474304,0.43689650297164917,0.43452125787734985,0.4331609308719635,0.43301573395729065,,,,
339,0.48976296186447144,0.4368763267993927,0.4345163404941559,0.4331599771976471,0.43301546573638916,,,,
340,0.48958298563957214,0.4368565082550049,0.4345114529132843,0.4331590533256531,0.4330150783061981,,,,
341,0.48940369486808777,0.43683677911758423,0.43450668454170227,0.4331580698490143,0.43301478028297424,,,,
342,0.4892250895500183,0.43681731820106506,0.4345019459724426,0.43315720558166504,0.433014452457428,,,,
343,0.48904719948768616,0.43679794669151306,0.4344971776008606,0.433156281709671,0.4330141246318817,,,,
344,0.4888700842857361,0.4367789030075073,0.4344924986362457,0.433155357837677,0.43301379680633545,,,,
345,0.48869362473487854,0.4367600083351135,0.43448781967163086,0.43315449357032776,0.4330134689807892,,,,
346,0.4885178804397583,0.4367412030696869,0.43448320031166077,0.43315356969833374,0.43301311135292053,,,,
347,0.4883427917957306,0.43672269582748413,0.4344785809516907,0.4331527054309845,0.43301284313201904,,,,
348,0.4881683886051178,0.4367043375968933,0.43447402119636536,0.43315184116363525,0.43301254510879517,,,,
349,0.4879946708679199,0.43668609857559204,0.4344695210456848,0.43315091729164124,0.4330122172832489,,,,
350,0.48782169818878174,0.43666815757751465,0.4344649612903595,0.433150053024292,0.433011919260025,,,,
351,0.4876492917537689,0.4366503059864044,0.43446043133735657,0.43314918875694275,0.43301162123680115,,,,
352,0.4874776601791382,0.43663260340690613,0.4344559609889984,0.4331483244895935,0.4330112636089325,,,,
353,0.4873066544532776,0.43661510944366455,0.43445152044296265,0.43314746022224426,0.4330109655857086,,,,
354,0.4871363639831543,0.4365977942943573,0.43444716930389404,0.4331466555595398,0.43301066756248474,,,,
355,0.48696669936180115,0.436580628156662,0.43444275856018066,0.43314579129219055,0.43301042914390564,,,,
356,0.4867976903915405,0.436563640832901,0.4344383478164673,0.4331449270248413,0.4330101013183594,,,,
357,0.48662933707237244,0.43654680252075195,0.43443405628204346,0.43314412236213684,0.4330098032951355,,,,
358,0.48646166920661926,0.43653011322021484,0.43442976474761963,0.4331432580947876,0.433009535074234,,,,
359,0.4862946569919586,0.43651360273361206,0.4344254732131958,0.43314242362976074,0.4330093264579773,,,,
360,0.4861283004283905,0.4364972710609436,0.43442121148109436,0.4331415891647339,0.43300896883010864,,,,
361,0.48596253991127014,0.4364810287952423,0.4344169795513153,0.4331408441066742,0.43300870060920715,,,,
362,0.4857974648475647,0.43646493554115295,0.43441274762153625,0.4331400394439697,0.4330084025859833,,,,
363,0.4856329560279846,0.4364490211009979,0.43440860509872437,0.43313923478126526,0.4330081641674042,,,,
364,0.4854692220687866,0.4364332854747772,0.4344044029712677,0.433138370513916,0.4330078661441803,,,,
365,0.4853060245513916,0.4364176392555237,0.4344002604484558,0.43313756585121155,0.4330075979232788,,,,
366,0.4851434528827667,0.43640220165252686,0.4343961775302887,0.43313685059547424,0.4330073297023773,,,,
367,0.484981507062912,0.43638691306114197,0.4343920648097992,0.4331360161304474,0.4330071210861206,,,,
368,0.4848202168941498,0.43637171387672424,0.4343879818916321,0.4331352412700653,0.43300679326057434,,,,
369,0.4846595823764801,0.43635669350624084,0.43438398838043213,0.4331344664096832,0.43300652503967285,,,,
370,0.4844995141029358,0.4363417327404022,0.4343799650669098,0.43313366174697876,0.4330063462257385,,,,
371,0.4843400716781616,0.4363270401954651,0.43437597155570984,0.43313294649124146,0.43300601840019226,,,,
372,0.48418128490448,0.43631234765052795,0.4343720078468323,0.4331321716308594,0.43300577998161316,,,,
373,0.4840230643749237,0.43629786372184753,0.4343680143356323,0.4331313669681549,0.43300554156303406,,,,
374,0.48386549949645996,0.43628352880477905,0.43436411023139954,0.4331306517124176,0.43300527334213257,,,,
375,0.4837084710597992,0.43626925349235535,0.43436023592948914,0.4331298768520355,0.43300503492355347,,,,
376,0.48355212807655334,0.43625518679618835,0.4343562722206116,0.4331291615962982,0.43300479650497437,,,,
377,0.4833962619304657,0.4362412393093109,0.43435242772102356,0.4331284165382385,0.43300455808639526,,,,
378,0.4832410514354706,0.43622732162475586,0.43434861302375793,0.4331277012825012,0.43300431966781616,,,,
379,0.4830864667892456,0.4362136423587799,0.4343447983264923,0.43312692642211914,0.43300411105155945,,,,
380,0.48293250799179077,0.43620002269744873,0.4343409836292267,0.4331262409687042,0.4330037832260132,,,,
381,0.48277905583381653,0.4361865222454071,0.43433719873428345,0.43312549591064453,0.43300360441207886,,,,
382,0.48262619972229004,0.4361731708049774,0.43433335423469543,0.4331248104572296,0.43300339579582214,,,,
383,0.4824739694595337,0.4361599087715149,0.434329628944397,0.43312403559684753,0.43300312757492065,,,,
384,0.48232224583625793,0.4361467957496643,0.4343259334564209,0.43312332034111023,0.43300294876098633,,,,
385,0.4821711480617523,0.43613380193710327,0.4343222379684448,0.4331226050853729,0.43300268054008484,,,,
386,0.48202064633369446,0.436120867729187,0.43431854248046875,0.433121919631958,0.43300241231918335,,,,
387,0.4818706810474396,0.4361081123352051,0.43431487679481506,0.4331212341785431,0.4330022633075714,,,,
388,0.48172128200531006,0.4360954165458679,0.434311181306839,0.4331205189228058,0.4330020248889923,,,,
389,0.4815724492073059,0.4360828399658203,0.4343075752258301,0.43311986327171326,0.4330017566680908,,,,
390,0.4814242124557495,0.43607044219970703,0.43430399894714355,0.43311917781829834,0.4330015480518341,,,,
391,0.4812765121459961,0.43605807423591614,0.43430036306381226,0.4331184923648834,0.4330013692378998,,,,
392,0.48112937808036804,0.4360457956790924,0.4342968165874481,0.4331178069114685,0.43300122022628784,,,,
393,0.48098281025886536,0.436033695936203,0.434293270111084,0.4331171214580536,0.43300092220306396,,,,
394,0.48083677887916565,0.43602171540260315,0.43428969383239746,0.43311646580696106,0.43300074338912964,,,,
395,0.4806913435459137,0.4360097646713257,0.4342862069606781,0.43311578035354614,0.4330005347728729,,,,
396,0.48054641485214233,0.43599796295166016,0.43428266048431396,0.43311506509780884,0.4330003261566162,,,,
397,0.4804019629955292,0.4359862208366394,0.4342791736125946,0.4331144392490387,0.4330000877380371,,,,
398,0.48025810718536377,0.4359745979309082,0.43427568674087524,0.43311378359794617,0.4329999089241028,,,,
399,0.4801148772239685,0.43596306443214417,0.43427222967147827,0.433113157749176,0.43299970030784607,,,,
400,0.47997209429740906,0.4359516203403473,0.4342688322067261,0.4331124722957611,0.43299955129623413,,,,
401,0.479829877614975,0.43594035506248474,0.4342653453350067,0.43311184644699097,0.4329993426799774,,,,
402,0.47968825697898865,0.4359290897846222,0.43426191806793213,0.43311119079589844,0.4329991340637207,,,,
403,0.47954702377319336,0.43591800332069397,0.4342586100101471,0.4331105351448059,0.432998925447464,,,,
404,0.479406476020813,0.43590691685676575,0.4342552423477173,0.43310996890068054,0.43299874663352966,,,,
405,0.47926637530326843,0.4358959496021271,0.4342518448829651,0.4331092834472656,0.43299856781959534,,,,
406,0.47912678122520447,0.43588513135910034,0.43424853682518005,0.4331086575984955,0.4329983592033386,,,,
407,0.4789876937866211,0.4358743727207184,0.434245228767395,0.43310803174972534,0.4329981803894043,,,,
408,0.4788491725921631,0.4358636438846588,0.4342418909072876,0.4331074357032776,0.43299800157546997,,,,
409,0.47871118783950806,0.4358530342578888,0.43423861265182495,0.43310680985450745,0.43299782276153564,,,,
410,0.47857365012168884,0.4358425438404083,0.4342353045940399,0.4331061840057373,0.4329976439476013,,,,
411,0.478436678647995,0.43583208322525024,0.43423202633857727,0.43310555815696716,0.4329974353313446,,,,
412,0.4783002436161041,0.4358218014240265,0.4342287480831146,0.4331049621105194,0.43299728631973267,,,,
413,0.4781641960144043,0.43581151962280273,0.43422555923461914,0.43310436606407166,0.43299710750579834,,,,
414,0.4780287742614746,0.4358013868331909,0.4342223107814789,0.4331037402153015,0.432996928691864,,,,
415,0.4778938591480255,0.4357912838459015,0.4342191219329834,0.43310317397117615,0.4329967498779297,,,,
416,0.47775936126708984,0.43578124046325684,0.4342159330844879,0.433102548122406,0.43299660086631775,,,,
417,0.47762545943260193,0.4357713460922241,0.4342127740383148,0.43310198187828064,0.4329964518547058,,,,
418,0.47749194502830505,0.43576154112815857,0.43420958518981934,0.4331013858318329,0.4329962134361267,,,,
419,0.47735896706581116,0.4357517659664154,0.43420642614364624,0.43310075998306274,0.43299606442451477,,,,
420,0.47722652554512024,0.4357420802116394,0.4342033267021179,0.43310022354125977,0.43299588561058044,,,,
421,0.4770945608615875,0.4357324540615082,0.4342002272605896,0.433099627494812,0.4329957365989685,,,,
422,0.476963073015213,0.4357229173183441,0.4341970980167389,0.43309903144836426,0.43299564719200134,,,,
423,0.4768320322036743,0.43571344017982483,0.43419399857521057,0.4330984950065613,0.43299540877342224,,,,
424,0.476701557636261,0.4357040524482727,0.434190958738327,0.4330978989601135,0.4329952597618103,,,,
425,0.4765715003013611,0.43569475412368774,0.4341878592967987,0.43309736251831055,0.43299517035484314,,,,
426,0.4764419496059418,0.43568551540374756,0.4341847598552704,0.4330967664718628,0.4329949617385864,,,,
427,0.47631287574768066,0.43567636609077454,0.43418174982070923,0.4330962300300598,0.4329947829246521,,,,
428,0.47618424892425537,0.4356672763824463,0.43417876958847046,0.43309566378593445,0.43299466371536255,,,,
429,0.47605615854263306,0.43565818667411804,0.4341757297515869,0.43309515714645386,0.4329944849014282,,,,
430,0.4759284555912018,0.4356493055820465,0.43417274951934814,0.4330945909023285,0.4329943358898163,,,,
431,0.4758013188838959,0.4356403350830078,0.434169739484787,0.4330940246582031,0.43299418687820435,,,,
432,0.475674569606781,0.4356316030025482,0.4341667592525482,0.43309345841407776,0.4329940676689148,,,,
433,0.47554826736450195,0.43562284111976624,0.4341638386249542,0.4330929219722748,0.4329938590526581,,,,
434,0.47542256116867065,0.43561413884162903,0.43416088819503784,0.4330923855304718,0.4329937696456909,,,,
435,0.4752971827983856,0.4356054961681366,0.4341579079627991,0.4330918788909912,0.4329935610294342,,,,
436,0.4751722812652588,0.4355970025062561,0.43415501713752747,0.43309131264686584,0.43299344182014465,,,,
437,0.47504785656929016,0.43558844923973083,0.4341520369052887,0.43309080600738525,0.4329933226108551,,,,
438,0.47492387890815735,0.4355800449848175,0.43414920568466187,0.43309032917022705,0.4329931437969208,,,,
439,0.47480037808418274,0.43557170033454895,0.43414628505706787,0.4330897331237793,0.43299299478530884,,,,
440,0.47467732429504395,0.43556341528892517,0.4341433644294739,0.43308916687965393,0.4329928755760193,,,,
441,0.47455477714538574,0.4355551600456238,0.4341405928134918,0.43308866024017334,0.43299275636672974,,,,
442,0.4744326174259186,0.43554702401161194,0.4341377019882202,0.43308815360069275,0.4329926073551178,,,,
443,0.47431090474128723,0.4355389177799225,0.4341348707675934,0.43308764696121216,0.43299245834350586,,,,
444,0.4741896688938141,0.4355308711528778,0.43413203954696655,0.4330871105194092,0.4329923093318939,,,,
445,0.4740687906742096,0.43552282452583313,0.43412917852401733,0.4330865740776062,0.43299219012260437,,,,
446,0.4739483892917633,0.435514897108078,0.4341264069080353,0.4330861270427704,0.4329920709133148,,,,
447,0.47382843494415283,0.43550705909729004,0.43412360548973083,0.4330856204032898,0.4329919219017029,,,,
448,0.47370895743370056,0.4354992210865021,0.4341208338737488,0.4330851137638092,0.43299180269241333,,,,
449,0.47358986735343933,0.4354914426803589,0.43411803245544434,0.4330846071243286,0.4329916834831238,,,,
450,0.4734712243080139,0.43548375368118286,0.43411532044410706,0.433084100484848,0.43299153447151184,,,,
451,0.4733530580997467,0.4354760944843292,0.4341126084327698,0.43308359384536743,0.4329914152622223,,,,
452,0.47323524951934814,0.43546852469444275,0.43410977721214294,0.43308308720588684,0.43299129605293274,,,,
453,0.4731179177761078,0.43546098470687866,0.43410706520080566,0.433082640171051,0.4329911768436432,,,,
454,0.4730009436607361,0.43545347452163696,0.434104323387146,0.43308213353157043,0.43299102783203125,,,,
455,0.4728844165802002,0.4354460537433624,0.4341017007827759,0.4330816864967346,0.4329909086227417,,,,
456,0.4727683663368225,0.43543872237205505,0.4340989887714386,0.43308115005493164,0.43299078941345215,,,,
457,0.47265270352363586,0.4354313910007477,0.4340963065624237,0.43308067321777344,0.4329906702041626,,,,
458,0.47253742814064026,0.4354241192340851,0.4340935945510864,0.4330802261829376,0.43299055099487305,,,,
459,0.47242262959480286,0.4354168772697449,0.4340909421443939,0.43307971954345703,0.4329904615879059,,,,
460,0.4723081886768341,0.4354097247123718,0.43408825993537903,0.4330792725086212,0.43299034237861633,,,,
461,0.47219419479370117,0.4354025721549988,0.4340856373310089,0.4330788254737854,0.4329902231693268,,,,
462,0.4720805585384369,0.4353954792022705,0.4340830445289612,0.4330783188343048,0.43299007415771484,,,,
463,0.4719674289226532,0.4353884756565094,0.43408042192459106,0.433077871799469,0.4329899549484253,,,,
464,0.47185465693473816,0.4353815019130707,0.43407779932022095,0.4330773949623108,0.43298986554145813,,,,
465,0.47174227237701416,0.43537455797195435,0.4340752363204956,0.433076947927475,0.43298977613449097,,,,
466,0.471630334854126,0.4353677034378052,0.4340726435184479,0.4330764710903168,0.4329896569252014,,,,
467,0.47151875495910645,0.4353608787059784,0.43407002091407776,0.43307602405548096,0.4329895079135895,,,,
468,0.47140759229660034,0.4353541135787964,0.4340674579143524,0.43307557702064514,0.4329894185066223,,,,
469,0.4712968170642853,0.43534737825393677,0.4340648949146271,0.43307510018348694,0.43298932909965515,,,,
470,0.47118645906448364,0.43534064292907715,0.43406233191490173,0.4330747127532959,0.4329891800880432,,,,
471,0.47107651829719543,0.4353339970111847,0.4340597987174988,0.4330742657184601,0.43298909068107605,,,,
472,0.47096696496009827,0.4353274405002594,0.43405723571777344,0.4330737888813019,0.4329889416694641,,,,
473,0.470857709646225,0.4353208839893341,0.43405476212501526,0.4330733120441437,0.43298885226249695,,,,
474,0.4707489311695099,0.4353143572807312,0.4340522289276123,0.43307292461395264,0.4329887926578522,,,,
475,0.47064051032066345,0.4353078305721283,0.43404972553253174,0.4330724775791168,0.4329886734485626,,,,
476,0.47053247690200806,0.43530142307281494,0.4340471923351288,0.4330720007419586,0.43298855423927307,,,,
477,0.4704248905181885,0.435295045375824,0.4340447187423706,0.43307164311408997,0.4329884648323059,,,,
478,0.47031763195991516,0.4352887272834778,0.4340422749519348,0.43307116627693176,0.43298834562301636,,,,
479,0.4702107906341553,0.4352824091911316,0.43403974175453186,0.43307074904441833,0.4329882562160492,,,,
480,0.4701043367385864,0.4352761507034302,0.43403732776641846,0.4330703318119049,0.43298813700675964,,,,
481,0.46999818086624146,0.43526989221572876,0.43403491377830505,0.4330698549747467,0.43298807740211487,,,,
482,0.4698924720287323,0.4352637827396393,0.4340324401855469,0.4330694377422333,0.4329879879951477,,,,
483,0.4697870910167694,0.4352576732635498,0.43403002619743347,0.43306899070739746,0.43298792839050293,,,,
484,0.46968215703964233,0.43525150418281555,0.43402764201164246,0.43306857347488403,0.4329878091812134,,,,
485,0.46957752108573914,0.43524548411369324,0.43402519822120667,0.4330682158470154,0.43298768997192383,,,,
486,0.46947330236434937,0.4352394640445709,0.43402278423309326,0.43306776881217957,0.4329875707626343,,,,
487,0.46936947107315063,0.43523353338241577,0.43402037024497986,0.4330673813819885,0.4329874813556671,,,,
488,0.46926599740982056,0.43522754311561584,0.43401798605918884,0.4330669641494751,0.43298742175102234,,,,
489,0.46916285157203674,0.43522167205810547,0.4340156018733978,0.4330665171146393,0.4329873323440552,,,,
490,0.46906009316444397,0.4352157413959503,0.4340132772922516,0.43306615948677063,0.432987242937088,,,,
491,0.46895769238471985,0.4352099597454071,0.4340108633041382,0.4330657422542572,0.43298712372779846,,,,
492,0.46885567903518677,0.4352042078971863,0.43400856852531433,0.43306535482406616,0.4329870939254761,,,,
493,0.46875402331352234,0.43519842624664307,0.4340061545372009,0.4330649673938751,0.4329869747161865,,,,
494,0.4686526656150818,0.43519267439842224,0.4340038597583771,0.4330645203590393,0.432986855506897,,,,
495,0.46855175495147705,0.4351870119571686,0.43400153517723083,0.43306413292884827,0.4329867959022522,,,,
496,0.4684511423110962,0.4351813495159149,0.4339991807937622,0.4330637753009796,0.43298670649528503,,,,
497,0.468350887298584,0.4351757764816284,0.43399691581726074,0.4330633878707886,0.4329865574836731,,,,
498,0.4682510495185852,0.4351702034473419,0.4339945912361145,0.43306297063827515,0.4329865574836731,,,,
499,0.4681514799594879,0.4351646304130554,0.43399229645729065,0.4330625832080841,0.43298643827438354,,,,
500,0.46805229783058167,0.4351591467857361,0.4339900314807892,0.43306219577789307,0.43298637866973877,,,,
501,0.46795350313186646,0.43515366315841675,0.43398773670196533,0.433061808347702,0.4329862892627716,,,,
502,0.4678550064563751,0.4351482391357422,0.43398550152778625,0.433061420917511,0.43298619985580444,,,,
503,0.46775683760643005,0.43514278531074524,0.4339832067489624,0.43306103348731995,0.4329861104488373,,,,
504,0.46765902638435364,0.43513745069503784,0.43398094177246094,0.4330606162548065,0.4329860210418701,,,,
505,0.46756160259246826,0.43513208627700806,0.43397870659828186,0.43306025862693787,0.43298596143722534,,,,
506,0.46746450662612915,0.43512678146362305,0.43397650122642517,0.4330599009990692,0.4329858720302582,,,,
507,0.4673677086830139,0.4351215064525604,0.4339742362499237,0.4330595135688782,0.432985782623291,,,,
508,0.4672713279724121,0.4351162612438202,0.4339720606803894,0.4330591559410095,0.43298575282096863,,,,
509,0.4671751856803894,0.43511101603507996,0.43396976590156555,0.4330587685108185,0.4329856038093567,,,,
510,0.4670794606208801,0.4351058602333069,0.43396762013435364,0.43305841088294983,0.4329855740070343,,,,
511,0.4669840335845947,0.4351007044315338,0.43396538496017456,0.4330580532550812,0.43298548460006714,,,,
512,0.46688899397850037,0.43509557843208313,0.43396317958831787,0.43305766582489014,0.4329853951931,,,,
513,0.4667941927909851,0.43509045243263245,0.4339609742164612,0.43305733799934387,0.4329853653907776,,,,
514,0.4666998088359833,0.4350854754447937,0.43395885825157166,0.43305692076683044,0.4329852759838104,,,,
515,0.46660566329956055,0.4350804388523102,0.43395665287971497,0.4330565929412842,0.4329851567745209,,,,
516,0.46651196479797363,0.43507540225982666,0.43395447731018066,0.4330562651157379,0.4329851269721985,,,,
517,0.4664185047149658,0.4350704550743103,0.43395236134529114,0.4330558478832245,0.4329850673675537,,,,
518,0.46632543206214905,0.43506544828414917,0.4339502453804016,0.4330555498600006,0.43298497796058655,,,,
519,0.46623265743255615,0.4350605010986328,0.4339480996131897,0.43305519223213196,0.4329849183559418,,,,
520,0.46614018082618713,0.4350557029247284,0.43394601345062256,0.4330548048019409,0.4329848289489746,,,,
521,0.46604806184768677,0.4350508153438568,0.43394383788108826,0.43305444717407227,0.4329847991466522,,,,
522,0.4659562110900879,0.4350459575653076,0.43394172191619873,0.4330540895462036,0.43298467993736267,,,,
523,0.46586474776268005,0.4350411593914032,0.4339396059513092,0.43305379152297974,0.4329846203327179,,,,
524,0.4657735526561737,0.43503642082214355,0.43393751978874207,0.43305346369743347,0.43298450112342834,,,,
525,0.4656826853752136,0.43503159284591675,0.43393540382385254,0.43305304646492004,0.43298447132110596,,,,
526,0.4655921459197998,0.4350268840789795,0.4339333176612854,0.4330527186393738,0.43298444151878357,,,,
527,0.46550190448760986,0.43502217531204224,0.43393129110336304,0.4330523908138275,0.4329843521118164,,,,
528,0.4654119908809662,0.43501752614974976,0.4339291751384735,0.43305206298828125,0.43298429250717163,,,,
529,0.4653223752975464,0.4350128769874573,0.43392711877822876,0.4330517053604126,0.43298426270484924,,,,
530,0.46523308753967285,0.4350082278251648,0.43392497301101685,0.43305137753486633,0.4329841434955597,,,,
531,0.4651441276073456,0.4350036382675171,0.43392297625541687,0.43305110931396484,0.4329840838909149,,,,
532,0.4650554656982422,0.4349990785121918,0.43392089009284973,0.4330507814884186,0.43298402428627014,,,,
533,0.46496710181236267,0.43499454855918884,0.43391889333724976,0.4330504536628723,0.43298396468162537,,,,
534,0.46487900614738464,0.4349900782108307,0.4339168667793274,0.43305009603500366,0.432983934879303,,,,
535,0.46479126811027527,0.434985488653183,0.43391481041908264,0.433049738407135,0.4329838454723358,,,,
536,0.464703768491745,0.43498101830482483,0.4339127838611603,0.43304941058158875,0.4329838156700134,,,,
537,0.4646166265010834,0.43497660756111145,0.4339107871055603,0.4330490827560425,0.4329836964607239,,,,
538,0.464529812335968,0.4349721670150757,0.4339087903499603,0.4330487549304962,0.4329836666584015,,,,
539,0.4644432067871094,0.4349677860736847,0.43390679359436035,0.43304839730262756,0.43298354744911194,,,,
540,0.4643569588661194,0.4349634051322937,0.433904767036438,0.4330480694770813,0.43298354744911194,,,,
541,0.46427103877067566,0.4349590539932251,0.433902770280838,0.4330478012561798,0.43298348784446716,,,,
542,0.4641853868961334,0.4349547326564789,0.4339008033275604,0.43304747343063354,0.4329834282398224,,,,
543,0.4641000032424927,0.4349503815174103,0.4338988661766052,0.43304717540740967,0.4329833984375,,,,
544,0.4640149474143982,0.4349461495876312,0.43389686942100525,0.4330468475818634,0.4329833388328552,,,,
545,0.4639301598072052,0.4349418580532074,0.43389493227005005,0.4330465495586395,0.43298324942588806,,,,
546,0.46384570002555847,0.43493762612342834,0.4338929355144501,0.43304622173309326,0.4329831600189209,,,,
547,0.46376144886016846,0.4349333643913269,0.4338909983634949,0.4330458641052246,0.4329831302165985,,,,
548,0.4636775255203247,0.434929221868515,0.43388909101486206,0.4330455958843231,0.43298307061195374,,,,
549,0.4635939300060272,0.43492501974105835,0.43388715386390686,0.43304529786109924,0.43298304080963135,,,,
550,0.46351057291030884,0.43492087721824646,0.43388521671295166,0.43304499983787537,0.43298301100730896,,,,
551,0.4634275436401367,0.43491679430007935,0.4338832497596741,0.4330447018146515,0.4329828917980194,,,,
552,0.4633447527885437,0.43491268157958984,0.43388137221336365,0.4330443739891052,0.432982861995697,,,,
553,0.46326228976249695,0.43490856885910034,0.43387943506240845,0.43304407596588135,0.43298283219337463,,,,
554,0.4631800651550293,0.4349045157432556,0.433877557516098,0.43304377794265747,0.43298274278640747,,,,
555,0.4630981683731079,0.4349004626274109,0.4338756799697876,0.43304353952407837,0.43298274278640747,,,,
556,0.4630165100097656,0.43489640951156616,0.4338737726211548,0.4330431818962097,0.4329826235771179,,,,
557,0.46293511986732483,0.4348924160003662,0.43387189507484436,0.43304288387298584,0.43298259377479553,,,,
558,0.4628540575504303,0.43488845229148865,0.43386998772621155,0.43304261565208435,0.43298253417015076,,,,
559,0.46277329325675964,0.4348844289779663,0.4338681399822235,0.43304234743118286,0.432982474565506,,,,
560,0.4626927375793457,0.4348805248737335,0.4338662922382355,0.433042049407959,0.43298250436782837,,,,
561,0.462612509727478,0.43487659096717834,0.43386438488960266,0.4330417215824127,0.4329824149608612,,,,
562,0.46253249049186707,0.43487271666526794,0.4338625371456146,0.4330414831638336,0.4329823851585388,,,,
563,0.46245279908180237,0.43486878275871277,0.4338606894016266,0.43304118514060974,0.43298229575157166,,,,
564,0.4623733460903168,0.43486496806144714,0.43385887145996094,0.43304088711738586,0.43298226594924927,,,,
565,0.46229419112205505,0.43486109375953674,0.4338569939136505,0.433040589094162,0.4329822063446045,,,,
566,0.46221527457237244,0.43485724925994873,0.4338551461696625,0.4330403804779053,0.4329821467399597,,,,
567,0.4621366262435913,0.4348534047603607,0.4338533878326416,0.433040052652359,0.43298208713531494,,,,
568,0.46205827593803406,0.43484964966773987,0.43385154008865356,0.4330398142337799,0.43298205733299255,,,,
569,0.4619801938533783,0.43484586477279663,0.4338497519493103,0.43303948640823364,0.43298202753067017,,,,
570,0.46190232038497925,0.4348421096801758,0.43384790420532227,0.43303918838500977,0.4329819977283478,,,,
571,0.46182477474212646,0.43483835458755493,0.43384605646133423,0.4330388903617859,0.4329819083213806,,,,
572,0.4617474377155304,0.43483465909957886,0.43384429812431335,0.4330386519432068,0.4329818785190582,,,,
573,0.4616703987121582,0.4348309636116028,0.4338425099849701,0.4330383539199829,0.43298181891441345,,,,
574,0.4615936279296875,0.4348272383213043,0.43384069204330444,0.4330380856990814,0.43298181891441345,,,,
575,0.4615171253681183,0.434823602437973,0.43383893370628357,0.43303781747817993,0.4329817593097687,,,,
576,0.4614408612251282,0.43481993675231934,0.4338371455669403,0.43303754925727844,0.4329816997051239,,,,
577,0.46136483550071716,0.4348163306713104,0.43383538722991943,0.43303728103637695,0.43298161029815674,,,,
578,0.46128907799720764,0.43481266498565674,0.43383359909057617,0.43303704261779785,0.43298158049583435,,,,
579,0.4612135589122772,0.4348090887069702,0.4338318705558777,0.43303677439689636,0.43298158049583435,,,,
580,0.4611383378505707,0.4348054528236389,0.4338301420211792,0.4330364763736725,0.4329814910888672,,,,
581,0.46106332540512085,0.43480196595191956,0.4338283836841583,0.433036208152771,0.4329814910888672,,,,
582,0.4609886109828949,0.4347984194755554,0.43382662534713745,0.4330359697341919,0.4329814314842224,,,,
583,0.46091413497924805,0.4347948729991913,0.43382492661476135,0.4330357015132904,0.43298137187957764,,,,
584,0.4608398675918579,0.43479132652282715,0.4338231682777405,0.43303540349006653,0.43298137187957764,,,,
585,0.46076589822769165,0.4347878694534302,0.4338214099407196,0.4330351948738098,0.43298131227493286,,,,
586,0.4606921374797821,0.4347843527793884,0.4338197112083435,0.4330349266529083,0.43298131227493286,,,,
587,0.46061867475509644,0.43478086590766907,0.4338180124759674,0.43303465843200684,0.4329812526702881,,,,
588,0.46054548025131226,0.4347774386405945,0.4338162839412689,0.43303442001342773,0.4329811632633209,,,,
589,0.4604724645614624,0.4347739517688751,0.4338145852088928,0.43303415179252625,0.43298113346099854,,,,
590,0.4603997468948364,0.4347705841064453,0.4338128864765167,0.43303388357162476,0.43298110365867615,,,,
591,0.4603271782398224,0.4347671568393707,0.43381115794181824,0.43303364515304565,0.43298110365867615,,,,
592,0.460254967212677,0.43476375937461853,0.4338094890117645,0.43303343653678894,0.43298104405403137,,,,
593,0.46018293499946594,0.4347603917121887,0.4338077902793884,0.43303313851356506,0.4329809844493866,,,,
594,0.46011117100715637,0.4347570240497589,0.43380609154701233,0.43303292989730835,0.4329809844493866,,,,
595,0.46003958582878113,0.4347536563873291,0.4338044226169586,0.43303269147872925,0.43298089504241943,,,,
596,0.45996829867362976,0.43475034832954407,0.4338027834892273,0.43303242325782776,0.43298089504241943,,,,
597,0.4598972797393799,0.43474698066711426,0.4338011145591736,0.4330321252346039,0.43298089504241943,,,,
598,0.4598264694213867,0.4347437024116516,0.43379947543144226,0.4330318868160248,0.43298080563545227,,,,
599,0.45975592732429504,0.4347403943538666,0.43379780650138855,0.43303167819976807,0.43298080563545227,,,,
600,0.4596855044364929,0.4347371757030487,0.43379610776901245,0.43303146958351135,0.4329807758331299,,,,
601,0.45961540937423706,0.43473389744758606,0.4337944984436035,0.43303120136260986,0.4329807162284851,,,,
602,0.4595455229282379,0.4347306489944458,0.4337928593158722,0.43303096294403076,0.4329806864261627,,,,
603,0.4594758450984955,0.43472740054130554,0.43379124999046326,0.43303072452545166,0.43298065662384033,,,,
604,0.45940646529197693,0.43472418189048767,0.43378958106040955,0.4330304265022278,0.43298059701919556,,,,
605,0.4593372642993927,0.4347210228443146,0.4337879717350006,0.43303024768829346,0.43298056721687317,,,,
606,0.4592683017253876,0.4347177743911743,0.4337863326072693,0.43302997946739197,0.43298056721687317,,,,
607,0.45919957756996155,0.43471458554267883,0.43378475308418274,0.43302980065345764,0.4329805374145508,,,,
608,0.45913106203079224,0.43471142649650574,0.4337831139564514,0.43302950263023376,0.4329804480075836,,,,
609,0.459062784910202,0.43470829725265503,0.43378153443336487,0.43302929401397705,0.4329804480075836,,,,
610,0.4589947462081909,0.43470513820648193,0.43377992510795593,0.43302905559539795,0.4329804480075836,,,,
611,0.4589269459247589,0.4347020387649536,0.433778315782547,0.43302881717681885,0.43298038840293884,,,,
612,0.458859384059906,0.4346988797187805,0.43377673625946045,0.43302860856056213,0.4329802989959717,,,,
613,0.45879194140434265,0.434695839881897,0.4337751269340515,0.43302837014198303,0.4329802691936493,,,,
614,0.45872485637664795,0.43469277024269104,0.43377360701560974,0.4330281615257263,0.4329802691936493,,,,
615,0.4586579203605652,0.43468964099884033,0.4337719976902008,0.4330279529094696,0.4329802691936493,,,,
616,0.4585912227630615,0.4346865713596344,0.43377038836479187,0.4330277144908905,0.43298017978668213,,,,
617,0.4585247337818146,0.43468356132507324,0.4337688684463501,0.4330274760723114,0.43298014998435974,,,,
618,0.45845845341682434,0.4346804916858673,0.43376728892326355,0.4330272376537323,0.43298012018203735,,,,
619,0.458392471075058,0.43467751145362854,0.433765709400177,0.4330269992351532,0.43298012018203735,,,,
620,0.4583266079425812,0.434674471616745,0.43376415967941284,0.43302685022354126,0.43298012018203735,,,,
621,0.45826098322868347,0.4346714913845062,0.43376263976097107,0.43302661180496216,0.43298009037971497,,,,
622,0.45819559693336487,0.4346684515476227,0.4337610900402069,0.43302637338638306,0.4329800009727478,,,,
623,0.45813044905662537,0.4346655011177063,0.4337595999240875,0.43302616477012634,0.4329800009727478,,,,
624,0.4580654799938202,0.4346625506877899,0.433758020401001,0.433025985956192,0.4329800307750702,,,,
625,0.4580007493495941,0.43465960025787354,0.4337564706802368,0.4330257177352905,0.432979941368103,,,,
626,0.45793625712394714,0.43465662002563477,0.43375495076179504,0.4330254793167114,0.43297988176345825,,,,
627,0.4578718841075897,0.43465369939804077,0.43375346064567566,0.4330252707004547,0.43297985196113586,,,,
628,0.4578078091144562,0.4346507787704468,0.4337519407272339,0.433025062084198,0.4329798221588135,,,,
629,0.45774391293525696,0.43464788794517517,0.4337503910064697,0.43302488327026367,0.4329798221588135,,,,
630,0.45768022537231445,0.4346449673175812,0.43374893069267273,0.43302467465400696,0.4329797923564911,,,,
631,0.45761674642562866,0.43464210629463196,0.43374741077423096,0.43302443623542786,0.4329797625541687,,,,
632,0.457553505897522,0.4346392750740051,0.4337458908557892,0.43302425742149353,0.4329797327518463,,,,
633,0.45749038457870483,0.43463635444641113,0.4337444305419922,0.4330240488052368,0.43297967314720154,,,,
634,0.45742762088775635,0.4346335232257843,0.433742880821228,0.4330238401889801,0.4329797029495239,,,,
635,0.45736491680145264,0.43463069200515747,0.43374142050743103,0.4330236315727234,0.43297964334487915,,,,
636,0.4573024809360504,0.43462786078453064,0.43373996019363403,0.4330234229564667,0.43297967314720154,,,,
637,0.4572402536869049,0.4346250295639038,0.43373847007751465,0.43302321434020996,0.4329795837402344,,,,
638,0.4571782052516937,0.434622198343277,0.43373697996139526,0.43302300572395325,0.43297961354255676,,,,
639,0.45711639523506165,0.4346194565296173,0.43373554944992065,0.43302276730537415,0.4329795837402344,,,,
640,0.4570547938346863,0.43461665511131287,0.4337339997291565,0.4330225884914398,0.4329795837402344,,,,
641,0.45699331164360046,0.4346138834953308,0.4337325990200043,0.4330223798751831,0.4329794645309448,,,,
642,0.45693209767341614,0.43461114168167114,0.4337310791015625,0.4330222010612488,0.4329794645309448,,,,
643,0.4568710923194885,0.4346083700656891,0.43372970819473267,0.43302202224731445,0.4329794943332672,,,,
644,0.45681020617485046,0.43460556864738464,0.4337282180786133,0.4330218434333801,0.43297943472862244,,,,
645,0.4567496180534363,0.4346029460430145,0.43372684717178345,0.433021605014801,0.43297943472862244,,,,
646,0.4566892385482788,0.43460017442703247,0.43372535705566406,0.4330213963985443,0.43297940492630005,,,,
647,0.4566289782524109,0.4345974326133728,0.43372395634651184,0.4330211877822876,0.43297940492630005,,,,
648,0.4565688967704773,0.4345947206020355,0.43372249603271484,0.43302106857299805,0.43297937512397766,,,,
649,0.4565090835094452,0.43459203839302063,0.4337210953235626,0.43302080035209656,0.4329792857170105,,,,
650,0.4564494490623474,0.4345893859863281,0.43371960520744324,0.4330206513404846,0.4329792857170105,,,,
651,0.45638999342918396,0.43458667397499084,0.433718204498291,0.4330204725265503,0.4329792857170105,,,,
652,0.45633068680763245,0.43458399176597595,0.4337167739868164,0.43302029371261597,0.4329792559146881,,,,
653,0.45627161860466003,0.4345813989639282,0.4337153732776642,0.43302005529403687,0.4329792261123657,,,,
654,0.45621275901794434,0.43457868695259094,0.43371403217315674,0.43301987648010254,0.43297916650772095,,,,
655,0.4561540484428406,0.4345760643482208,0.4337126612663269,0.4330196976661682,0.43297916650772095,,,,
656,0.4560956060886383,0.4345735013484955,0.4337112009525299,0.4330195188522339,0.43297916650772095,,,,
657,0.4560372829437256,0.4345708191394806,0.4337098300457001,0.4330193102359772,0.43297916650772095,,,,
658,0.45597919821739197,0.43456822633743286,0.43370842933654785,0.43301913142204285,0.43297910690307617,,,,
659,0.4559212923049927,0.43456563353538513,0.43370699882507324,0.4330189526081085,0.43297910690307617,,,,
660,0.45586347579956055,0.4345630705356598,0.4337056875228882,0.4330187141895294,0.4329790472984314,,,,
661,0.4558059573173523,0.4345604479312897,0.43370428681373596,0.43301859498023987,0.4329790771007538,,,,
662,0.45574861764907837,0.43455788493156433,0.43370285630226135,0.43301838636398315,0.432979017496109,,,,
663,0.4556914269924164,0.4345553517341614,0.4337014853954315,0.4330182671546936,0.432979017496109,,,,
664,0.45563438534736633,0.43455278873443604,0.4337001442909241,0.4330180287361145,0.4329789876937866,,,,
665,0.4555775821208954,0.4345502555370331,0.433698832988739,0.43301790952682495,0.43297895789146423,,,,
666,0.45552095770835876,0.43454769253730774,0.4336974322795868,0.43301767110824585,0.43297892808914185,,,,
667,0.45546451210975647,0.4345451891422272,0.43369609117507935,0.4330174922943115,0.43297889828681946,,,,
668,0.4554082453250885,0.4345426559448242,0.4336946904659271,0.4330172538757324,0.43297886848449707,,,,
669,0.45535215735435486,0.43454015254974365,0.4336933195590973,0.43301713466644287,0.4329788386821747,,,,
670,0.4552963078022003,0.4345376491546631,0.43369197845458984,0.43301695585250854,0.4329788386821747,,,,
671,0.45524054765701294,0.4345351755619049,0.4336906671524048,0.4330167770385742,0.4329788088798523,,,,
672,0.45518502593040466,0.43453270196914673,0.4336893558502197,0.4330165982246399,0.4329787790775299,,,,
673,0.45512962341308594,0.43453019857406616,0.4336879551410675,0.43301644921302795,0.4329787492752075,,,,
674,0.4550744593143463,0.43452775478363037,0.43368667364120483,0.43301627039909363,0.4329787790775299,,,,
675,0.45501944422721863,0.4345252513885498,0.4336853623390198,0.4330160915851593,0.4329787492752075,,,,
676,0.45496460795402527,0.4345228374004364,0.4336840510368347,0.433015912771225,0.4329787492752075,,,,
677,0.4549099802970886,0.4345203638076782,0.43368273973464966,0.43301573395729065,0.43297871947288513,,,,
678,0.4548555314540863,0.4345179498195648,0.4336813986301422,0.4330155551433563,0.43297868967056274,,,,
679,0.45480114221572876,0.43451550602912903,0.43368008732795715,0.433015376329422,0.43297863006591797,,,,
680,0.4547470510005951,0.434513121843338,0.43367883563041687,0.43301525712013245,0.43297865986824036,,,,
681,0.45469310879707336,0.4345107078552246,0.43367746472358704,0.4330151081085205,0.43297863006591797,,,,
682,0.4546392560005188,0.4345083236694336,0.43367621302604675,0.4330148994922638,0.43297863006591797,,,,
683,0.4545857012271881,0.4345059096813202,0.4336749017238617,0.43301472067832947,0.43297863006591797,,,,
684,0.4545322060585022,0.4345035254955292,0.43367359042167664,0.4330146014690399,0.4329785704612732,,,,
685,0.45447900891304016,0.43450120091438293,0.43367239832878113,0.4330144226551056,0.4329786002635956,,,,
686,0.4544259011745453,0.43449875712394714,0.4336710274219513,0.43301424384117126,0.4329785406589508,,,,
687,0.45437297224998474,0.4344964921474457,0.433669775724411,0.43301406502723694,0.4329785108566284,,,,
688,0.45432019233703613,0.4344940781593323,0.43366843461990356,0.4330139458179474,0.43297848105430603,,,,
689,0.45426759123802185,0.43449172377586365,0.4336671829223633,0.43301379680633545,0.4329785108566284,,,,
690,0.4542151689529419,0.434489369392395,0.433665931224823,0.4330136477947235,0.43297845125198364,,,,
691,0.4541628956794739,0.4344870448112488,0.43366459012031555,0.4330134689807892,0.43297848105430603,,,,
692,0.4541107714176178,0.4344847500324249,0.43366339802742004,0.43301329016685486,0.4329785108566284,,,,
693,0.45405885577201843,0.4344823956489563,0.4336621165275574,0.43301311135292053,0.43297845125198364,,,,
694,0.4540071189403534,0.43448007106781006,0.4336608648300171,0.433012992143631,0.43297845125198364,,,,
695,0.4539555311203003,0.4344777762889862,0.4336595833301544,0.43301284313201904,0.43297842144966125,,,,
696,0.45390409231185913,0.43447551131248474,0.4336583614349365,0.43301263451576233,0.43297839164733887,,,,
697,0.4538528323173523,0.4344732165336609,0.43365710973739624,0.4330125153064728,0.4329783618450165,,,,
698,0.453801691532135,0.4344709813594818,0.43365588784217834,0.43301230669021606,0.4329783618450165,,,,
699,0.45375075936317444,0.43446868658065796,0.43365466594696045,0.4330121576786041,0.4329783618450165,,,,
700,0.4536999762058258,0.4344663918018341,0.4336533546447754,0.4330120384693146,0.4329782724380493,,,,
701,0.4536493718624115,0.43446415662765503,0.4336521625518799,0.43301185965538025,0.4329783022403717,,,,
702,0.45359891653060913,0.4344618618488312,0.433650940656662,0.4330117404460907,0.4329783022403717,,,,
703,0.4535486102104187,0.4344596266746521,0.4336496889591217,0.43301156163215637,0.43297824263572693,,,,
704,0.4534984529018402,0.4344574213027954,0.4336484670639038,0.4330114424228668,0.4329782724380493,,,,
705,0.45344847440719604,0.43445515632629395,0.4336472451686859,0.4330112636089325,0.43297824263572693,,,,
706,0.4533986747264862,0.43445292115211487,0.433646023273468,0.43301114439964294,0.43297824263572693,,,,
707,0.45334893465042114,0.4344507157802582,0.4336448609828949,0.4330109655857086,0.43297821283340454,,,,
708,0.45329946279525757,0.4344484508037567,0.433643639087677,0.4330108165740967,0.43297821283340454,,,,
709,0.45325011014938354,0.4344463348388672,0.4336424171924591,0.43301066756248474,0.43297821283340454,,,,
710,0.45320090651512146,0.4344441294670105,0.4336412250995636,0.4330105185508728,0.43297818303108215,,,,
711,0.4531519114971161,0.4344419538974762,0.4336400330066681,0.43301042914390564,0.4329781234264374,,,,
712,0.4531029760837555,0.4344397783279419,0.4336388111114502,0.4330102205276489,0.43297815322875977,,,,
713,0.4530542492866516,0.4344375729560852,0.4336375892162323,0.4330101013183594,0.432978093624115,,,,
714,0.45300567150115967,0.4344353973865509,0.4336364269256592,0.43300992250442505,0.4329781234264374,,,,
715,0.45295727252960205,0.4344332814216614,0.4336352050304413,0.4330098032951355,0.4329781234264374,,,,
716,0.452908992767334,0.4344311058521271,0.43363407254219055,0.43300962448120117,0.432978093624115,,,,
717,0.45286083221435547,0.43442896008491516,0.43363291025161743,0.433009535074234,0.432978093624115,,,,
718,0.45281288027763367,0.43442678451538086,0.4336317181587219,0.43300938606262207,0.432978093624115,,,,
719,0.4527650475502014,0.43442463874816895,0.43363046646118164,0.43300920724868774,0.4329780340194702,,,,
720,0.45271745324134827,0.4344225227832794,0.4336293637752533,0.4330091178417206,0.4329780042171478,,,,
721,0.4526699185371399,0.4344203770160675,0.4336281716823578,0.4330090284347534,0.4329780042171478,,,,
722,0.4526224732398987,0.43441829085350037,0.43362700939178467,0.4330088198184967,0.4329780340194702,,,,
723,0.4525752663612366,0.43441617488861084,0.4336259365081787,0.43300870060920715,0.43297797441482544,,,,
724,0.4525282382965088,0.4344140589237213,0.4336246848106384,0.4330085217952728,0.43297797441482544,,,,
725,0.4524812698364258,0.4344119727611542,0.4336235523223877,0.4330083727836609,0.43297797441482544,,,,
726,0.4524344801902771,0.43440982699394226,0.43362241983413696,0.4330082833766937,0.43297794461250305,,,,
727,0.45238783955574036,0.4344077408313751,0.43362128734588623,0.4330081641674042,0.43297797441482544,,,,
728,0.45234134793281555,0.43440571427345276,0.4336200952529907,0.43300798535346985,0.43297797441482544,,,,
729,0.4522950053215027,0.4344036281108856,0.43361896276474,0.4330078363418579,0.43297794461250305,,,,
730,0.45224884152412415,0.43440157175064087,0.43361783027648926,0.43300771713256836,0.43297791481018066,,,,
731,0.4522027373313904,0.43439948558807373,0.4336166977882385,0.4330075979232788,0.43297791481018066,,,,
732,0.4521569013595581,0.4343973696231842,0.4336155652999878,0.43300744891166687,0.43297791481018066,,,,
733,0.4521111249923706,0.43439534306526184,0.43361443281173706,0.4330073297023773,0.4329778850078583,,,,
734,0.45206546783447266,0.4343932867050171,0.43361330032348633,0.433007150888443,0.4329778254032135,,,,
735,0.4520200192928314,0.4343912899494171,0.4336121380329132,0.43300703167915344,0.4329778254032135,,,,
736,0.45197463035583496,0.43438923358917236,0.4336110055446625,0.4330068826675415,0.4329778254032135,,,,
737,0.4519294798374176,0.43438720703125,0.4336099326610565,0.43300679326057434,0.4329778552055359,,,,
738,0.4518844187259674,0.43438518047332764,0.4336088299751282,0.4330066442489624,0.4329778552055359,,,,
739,0.45183947682380676,0.4343831539154053,0.43360769748687744,0.43300652503967285,0.4329777956008911,,,,
740,0.45179474353790283,0.4343811869621277,0.4336065649986267,0.4330064058303833,0.4329777956008911,,,,
741,0.4517500400543213,0.4343791604042053,0.43360552191734314,0.43300628662109375,0.43297773599624634,,,,
742,0.45170560479164124,0.43437716364860535,0.43360432982444763,0.4330061674118042,0.43297773599624634,,,,
743,0.45166122913360596,0.434375137090683,0.43360328674316406,0.43300601840019226,0.4329777657985687,,,,
744,0.4516170024871826,0.4343731701374054,0.43360215425491333,0.4330058991909027,0.4329777657985687,,,,
745,0.45157286524772644,0.43437114357948303,0.43360111117362976,0.43300577998161316,0.43297770619392395,,,,
746,0.45152896642684937,0.43436920642852783,0.4336000084877014,0.4330057203769684,0.4329777657985687,,,,
747,0.45148518681526184,0.43436726927757263,0.43359893560409546,0.43300554156303406,0.43297770619392395,,,,
748,0.4514414966106415,0.43436524271965027,0.4335978031158447,0.4330053925514221,0.43297770619392395,,,,
749,0.4513978958129883,0.43436330556869507,0.43359673023223877,0.43300527334213257,0.4329776465892792,,,,
750,0.4513545036315918,0.43436139822006226,0.4335956275463104,0.433005154132843,0.4329776465892792,,,,
751,0.45131126046180725,0.4343594014644623,0.43359458446502686,0.43300503492355347,0.4329776465892792,,,,
752,0.45126810669898987,0.4343574345111847,0.4335934817790985,0.43300488591194153,0.4329776465892792,,,,
753,0.45122507214546204,0.4343554973602295,0.43359243869781494,0.433004766702652,0.4329776465892792,,,,
754,0.4511822462081909,0.43435361981391907,0.433591365814209,0.4330046772956848,0.4329776465892792,,,,
755,0.45113950967788696,0.4343516528606415,0.433590292930603,0.43300455808639526,0.4329776167869568,,,,
756,0.45109686255455017,0.4343497157096863,0.43358922004699707,0.4330044388771057,0.4329775869846344,,,,
757,0.4510543942451477,0.4343477785587311,0.4335881173610687,0.4330042898654938,0.4329776167869568,,,,
758,0.4510120451450348,0.43434590101242065,0.43358713388442993,0.4330041706562042,0.4329775869846344,,,,
759,0.4509698152542114,0.43434399366378784,0.4335860013961792,0.4330040514469147,0.432977557182312,,,,
760,0.4509277641773224,0.43434205651283264,0.43358495831489563,0.4330039620399475,0.432977557182312,,,,
761,0.4508858323097229,0.4343401789665222,0.43358391523361206,0.4330037832260132,0.432977557182312,,,,
762,0.4508439600467682,0.4343382716178894,0.4335828423500061,0.43300366401672363,0.43297749757766724,,,,
763,0.4508022964000702,0.4343363642692566,0.4335818290710449,0.43300357460975647,0.432977557182312,,,,
764,0.4507606625556946,0.43433451652526855,0.43358078598976135,0.4330034852027893,0.432977557182312,,,,
765,0.4507192373275757,0.43433257937431335,0.43357977271080017,0.43300339579582214,0.432977557182312,,,,
766,0.45067793130874634,0.4343307614326477,0.4335786998271942,0.4330032467842102,0.432977557182312,,,,
767,0.45063677430152893,0.4343288540840149,0.43357768654823303,0.43300312757492065,0.43297749757766724,,,,
768,0.4505957067012787,0.43432697653770447,0.43357664346694946,0.4330030083656311,0.43297746777534485,,,,
769,0.4505547881126404,0.4343251585960388,0.4335756003856659,0.43300288915634155,0.43297749757766724,,,,
770,0.45051395893096924,0.4343232810497284,0.4335746467113495,0.433002769947052,0.43297749757766724,,,,
771,0.4504733085632324,0.43432143330574036,0.43357354402542114,0.43300268054008484,0.43297749757766724,,,,
772,0.45043274760246277,0.4343196153640747,0.43357253074645996,0.4330025613307953,0.43297749757766724,,,,
773,0.4503922760486603,0.4343177080154419,0.4335715174674988,0.4330024719238281,0.43297746777534485,,,,
774,0.4503519535064697,0.43431589007377625,0.4335705041885376,0.4330023527145386,0.43297749757766724,,,,
775,0.4503118097782135,0.434314101934433,0.4335694909095764,0.43300220370292664,0.43297743797302246,,,,
776,0.45027175545692444,0.43431225419044495,0.4335685074329376,0.43300214409828186,0.43297743797302246,,,,
777,0.4502318203449249,0.4343104362487793,0.43356749415397644,0.4330019950866699,0.4329774081707001,,,,
778,0.4501919746398926,0.43430864810943604,0.43356648087501526,0.43300187587738037,0.4329774081707001,,,,
779,0.45015227794647217,0.434306800365448,0.43356549739837646,0.4330018162727356,0.4329774081707001,,,,
780,0.4501127004623413,0.43430501222610474,0.4335644841194153,0.43300172686576843,0.4329774081707001,,,,
781,0.4500732421875,0.4343032240867615,0.4335635006427765,0.4330016076564789,0.4329773783683777,,,,
782,0.45003393292427063,0.43430134654045105,0.4335624575614929,0.43300145864486694,0.4329774081707001,,,,
783,0.44999468326568604,0.43429961800575256,0.4335615038871765,0.4330013692378998,0.4329774081707001,,,,
784,0.449955552816391,0.4342977702617645,0.4335605204105377,0.4330012798309326,0.4329773783683777,,,,
785,0.4499166011810303,0.43429601192474365,0.43355950713157654,0.43300119042396545,0.4329773783683777,,,,
786,0.4498777687549591,0.43429428339004517,0.43355852365493774,0.4330010712146759,0.4329773783683777,,,,
787,0.4498389661312103,0.4342924654483795,0.43355754017829895,0.43300095200538635,0.4329773485660553,,,,
788,0.44980037212371826,0.43429067730903625,0.43355658650398254,0.4330008029937744,0.4329773187637329,,,,
789,0.44976186752319336,0.4342889189720154,0.43355557322502136,0.43300074338912964,0.4329772889614105,,,,
790,0.4497234523296356,0.4342871904373169,0.43355458974838257,0.4330005943775177,0.4329773485660553,,,,
791,0.4496852159500122,0.43428540229797363,0.43355363607406616,0.4330005347728729,0.4329773485660553,,,,
792,0.44964706897735596,0.43428367376327515,0.433552622795105,0.433000385761261,0.4329773187637329,,,,
793,0.44960904121398926,0.4342818856239319,0.4335516691207886,0.433000385761261,0.43297725915908813,,,,
794,0.4495711028575897,0.4342801868915558,0.43355074524879456,0.43300023674964905,0.4329773187637329,,,,
795,0.4495333135128021,0.4342783987522125,0.43354976177215576,0.4330000877380371,0.4329773187637329,,,,
796,0.4494956135749817,0.43427664041519165,0.43354877829551697,0.43299996852874756,0.4329772889614105,,,,
797,0.4494580328464508,0.43427491188049316,0.43354785442352295,0.4329999089241028,0.4329772889614105,,,,
798,0.4494205415248871,0.4342731833457947,0.43354690074920654,0.4329998195171356,0.43297722935676575,,,,
799,0.4493831396102905,0.4342714846134186,0.43354591727256775,0.43299975991249084,0.4329772889614105,,,,
800,0.4493458867073059,0.4342697262763977,0.43354499340057373,0.4329996109008789,0.43297719955444336,,,,
801,0.4493087828159332,0.4342679977416992,0.4335440397262573,0.43299952149391174,0.43297725915908813,,,,
802,0.4492718279361725,0.4342663288116455,0.4335430860519409,0.4329994022846222,0.43297725915908813,,,,
803,0.44923484325408936,0.4342646300792694,0.4335421621799469,0.4329993426799774,0.43297719955444336,,,,
804,0.4491980969905853,0.4342629015445709,0.4335412383079529,0.43299925327301025,0.43297722935676575,,,,
805,0.4491614103317261,0.4342612028121948,0.4335402548313141,0.4329991340637207,0.43297722935676575,,,,
806,0.449124813079834,0.4342595040798187,0.43353939056396484,0.43299898505210876,0.43297719955444336,,,,
807,0.44908833503723145,0.4342578053474426,0.43353837728500366,0.432998925447464,0.43297722935676575,,,,
808,0.44905200600624084,0.4342561662197113,0.43353748321533203,0.4329988360404968,0.43297722935676575,,,,
809,0.4490157961845398,0.4342544674873352,0.4335365295410156,0.43299874663352966,0.43297719955444336,,,,
810,0.4489796459674835,0.4342527687549591,0.4335356056690216,0.4329986274242401,0.43297719955444336,,,,
811,0.4489436149597168,0.434251070022583,0.43353471159935,0.43299853801727295,0.43297716975212097,,,,
812,0.44890767335891724,0.4342494010925293,0.43353378772735596,0.4329984486103058,0.43297716975212097,,,,
813,0.4488718807697296,0.434247761964798,0.43353280425071716,0.43299832940101624,0.4329771399497986,,,,
814,0.44883617758750916,0.43424609303474426,0.4335319399833679,0.43299826979637146,0.43297719955444336,,,,
815,0.44880056381225586,0.43424442410469055,0.4335310161113739,0.4329981505870819,0.4329771399497986,,,,
816,0.4487650990486145,0.43424275517463684,0.43353012204170227,0.43299809098243713,0.43297716975212097,,,,
817,0.44872966408729553,0.43424108624458313,0.43352919816970825,0.43299803137779236,0.4329771101474762,,,,
818,0.4486944079399109,0.4342394471168518,0.43352827429771423,0.4329979419708252,0.4329771101474762,,,,
819,0.4486592710018158,0.4342377483844757,0.433527410030365,0.43299782276153564,0.4329771399497986,,,,
820,0.4486241936683655,0.43423619866371155,0.43352648615837097,0.4329977333545685,0.4329771399497986,,,,
821,0.4485892355442047,0.43423452973365784,0.43352556228637695,0.4329976439476013,0.4329771101474762,,,,
822,0.4485543966293335,0.4342329204082489,0.43352463841438293,0.43299752473831177,0.4329771101474762,,,,
823,0.44851958751678467,0.43423131108283997,0.4335238039493561,0.4329974353313446,0.4329771101474762,,,,
824,0.44848495721817017,0.43422967195510864,0.43352288007736206,0.4329974353313446,0.4329771101474762,,,,
825,0.4484504461288452,0.43422800302505493,0.43352198600769043,0.4329972565174103,0.4329771399497986,,,,
826,0.44841599464416504,0.434226393699646,0.4335210919380188,0.4329971969127655,0.4329771101474762,,,,
827,0.4483816623687744,0.43422481417655945,0.43352019786834717,0.43299707770347595,0.4329770505428314,,,,
828,0.44834738969802856,0.4342231750488281,0.43351927399635315,0.43299704790115356,0.4329770803451538,,,,
829,0.44831323623657227,0.4342215955257416,0.4335184097290039,0.432996928691864,0.4329770803451538,,,,
830,0.4482792615890503,0.43421995639801025,0.4335174858570099,0.43299683928489685,0.4329770803451538,,,,
831,0.44824525713920593,0.4342183470726013,0.43351665139198303,0.4329967498779297,0.4329770505428314,,,,
832,0.4482114911079407,0.43421679735183716,0.4335157871246338,0.4329966604709625,0.43297702074050903,,,,
833,0.4481777548789978,0.4342151880264282,0.43351495265960693,0.432996541261673,0.4329770505428314,,,,
834,0.4481441378593445,0.4342136085033417,0.4335140585899353,0.4329965114593506,0.4329770803451538,,,,
835,0.44811055064201355,0.43421199917793274,0.43351319432258606,0.4329964518547058,0.4329770505428314,,,,
836,0.44807717204093933,0.4342104494571686,0.43351230025291443,0.43299630284309387,0.4329770505428314,,,,
837,0.4480438232421875,0.4342088997364044,0.4335114061832428,0.4329962134361267,0.43297702074050903,,,,
838,0.44801056385040283,0.4342072606086731,0.43351051211357117,0.43299615383148193,0.4329770505428314,,,,
839,0.4479774534702301,0.43420568108558655,0.4335097074508667,0.43299606442451477,0.43297699093818665,,,,
840,0.44794440269470215,0.4342041313648224,0.43350887298583984,0.4329959750175476,0.43297699093818665,,,,
841,0.44791150093078613,0.43420252203941345,0.4335079789161682,0.43299588561058044,0.43297702074050903,,,,
842,0.4478786587715149,0.43420103192329407,0.43350714445114136,0.43299585580825806,0.43297702074050903,,,,
843,0.4478459358215332,0.43419942259788513,0.4335062503814697,0.4329957365989685,0.43297699093818665,,,,
844,0.4478132426738739,0.43419793248176575,0.43350541591644287,0.43299567699432373,0.43297699093818665,,,,
845,0.4477807283401489,0.4341963231563568,0.43350455164909363,0.43299561738967896,0.43297702074050903,,,,
846,0.4477482736110687,0.43419480323791504,0.4335037171840668,0.4329954981803894,0.43297699093818665,,,,
847,0.4477159082889557,0.43419328331947327,0.4335028827190399,0.43299543857574463,0.43297699093818665,,,,
848,0.4476836323738098,0.4341917037963867,0.4335020184516907,0.4329953193664551,0.43297696113586426,,,,
849,0.4476514458656311,0.43419018387794495,0.4335011839866638,0.4329952597618103,0.43297699093818665,,,,
850,0.44761937856674194,0.43418869376182556,0.43350034952163696,0.43299517035484314,0.43297693133354187,,,,
851,0.44758740067481995,0.4341870844364166,0.4334995150566101,0.432995080947876,0.43297699093818665,,,,
852,0.4475555419921875,0.43418562412261963,0.43349865078926086,0.4329950213432312,0.43297696113586426,,,,
853,0.44752371311187744,0.4341840445995331,0.433497816324234,0.43299493193626404,0.43297699093818665,,,,
854,0.4474920928478241,0.4341824948787689,0.43349701166152954,0.43299490213394165,0.43297696113586426,,,,
855,0.44746047258377075,0.4341810345649719,0.4334961771965027,0.4329947531223297,0.43297696113586426,,,,
856,0.44742894172668457,0.43417948484420776,0.43349531292915344,0.43299469351768494,0.43297693133354187,,,,
857,0.4473975598812103,0.43417802453041077,0.4334944784641266,0.43299463391304016,0.43297693133354187,,,,
858,0.44736623764038086,0.4341765344142914,0.4334937036037445,0.4329945743083954,0.4329769015312195,,,,
859,0.44733500480651855,0.4341749846935272,0.43349289894104004,0.4329944849014282,0.43297693133354187,,,,
860,0.447303831577301,0.43417346477508545,0.4334920346736908,0.43299442529678345,0.43297693133354187,,,,
861,0.44727280735969543,0.43417197465896606,0.43349120020866394,0.4329943060874939,0.43297696113586426,,,,
862,0.447241872549057,0.4341704845428467,0.43349042534828186,0.4329942464828491,0.4329769015312195,,,,
863,0.44721096754074097,0.4341689944267273,0.4334896206855774,0.43299415707588196,0.43297693133354187,,,,
864,0.44718021154403687,0.4341675341129303,0.4334888160228729,0.43299412727355957,0.4329769015312195,,,,
865,0.44714951515197754,0.4341660439968109,0.4334879517555237,0.4329940378665924,0.4329769015312195,,,,
866,0.4471189081668854,0.43416452407836914,0.4334871470928192,0.43299394845962524,0.4329768717288971,,,,
867,0.4470883905887604,0.4341631233692169,0.43348634243011475,0.43299388885498047,0.43297693133354187,,,,
868,0.4470579922199249,0.43416157364845276,0.4334855377674103,0.4329937994480133,0.4329769015312195,,,,
869,0.44702765345573425,0.43416011333465576,0.4334847629070282,0.43299371004104614,0.4329769015312195,,,,
870,0.44699743390083313,0.4341586232185364,0.43348395824432373,0.43299368023872375,0.4329769015312195,,,,
871,0.44696730375289917,0.43415722250938416,0.43348315358161926,0.4329935312271118,0.4329768717288971,,,,
872,0.4469372034072876,0.4341557025909424,0.4334823787212372,0.4329935312271118,0.4329768717288971,,,,
873,0.4469072222709656,0.434154212474823,0.4334815740585327,0.43299350142478943,0.4329769015312195,,,,
874,0.4468773603439331,0.43415284156799316,0.43348070979118347,0.4329933524131775,0.4329768419265747,,,,
875,0.4468475878238678,0.4341513514518738,0.43347999453544617,0.4329933226108551,0.4329768717288971,,,,
876,0.44681787490844727,0.4341498911380768,0.4334791600704193,0.43299323320388794,0.4329768717288971,,,,
877,0.4467882513999939,0.4341484606266022,0.43347838521003723,0.4329931139945984,0.4329768717288971,,,,
878,0.4467587172985077,0.4341470003128052,0.43347758054733276,0.432993084192276,0.4329768717288971,,,,
879,0.44672921299934387,0.43414559960365295,0.4334767758846283,0.43299299478530884,0.4329768419265747,,,,
880,0.446699857711792,0.43414413928985596,0.433476060628891,0.43299293518066406,0.4329768717288971,,,,
881,0.4466705620288849,0.43414267897605896,0.4334752857685089,0.4329928457736969,0.4329768717288971,,,,
882,0.44664138555526733,0.43414127826690674,0.43347451090812683,0.4329927861690521,0.4329768121242523,,,,
883,0.4466122090816498,0.4341398775577545,0.4334736764431,0.43299275636672974,0.4329768121242523,,,,
884,0.44658324122428894,0.4341384172439575,0.4334729313850403,0.4329926669597626,0.4329768419265747,,,,
885,0.4465542733669281,0.4341369569301605,0.4334721863269806,0.4329925775527954,0.4329768419265747,,,,
886,0.4465254247188568,0.4341355562210083,0.4334713816642761,0.43299251794815063,0.4329768121242523,,,,
887,0.4464966356754303,0.4341341257095337,0.43347057700157166,0.43299245834350586,0.4329768121242523,,,,
888,0.44646793603897095,0.43413275480270386,0.43346989154815674,0.4329923987388611,0.4329768121242523,,,,
889,0.44643935561180115,0.43413135409355164,0.4334690272808075,0.4329923391342163,0.4329768121242523,,,,
890,0.4464108347892761,0.4341299533843994,0.4334683418273926,0.43299224972724915,0.4329768419265747,,,,
891,0.4463823139667511,0.4341284930706024,0.4334675669670105,0.432992160320282,0.4329768121242523,,,,
892,0.4463540017604828,0.4341270923614502,0.4334667921066284,0.432992160320282,0.43297678232192993,,,,
893,0.44632571935653687,0.434125691652298,0.4334660470485687,0.4329920709133148,0.4329768121242523,,,,
894,0.4462975561618805,0.43412432074546814,0.43346527218818665,0.43299204111099243,0.43297678232192993,,,,
895,0.4462693929672241,0.4341229498386383,0.43346449732780457,0.43299195170402527,0.43297678232192993,,,,
896,0.4462413489818573,0.4341215193271637,0.4334637522697449,0.4329918622970581,0.4329768121242523,,,,
897,0.44621339440345764,0.43412014842033386,0.4334630072116852,0.4329918324947357,0.43297678232192993,,,,
898,0.44618555903434753,0.43411874771118164,0.4334622323513031,0.4329916834831238,0.4329768121242523,,,,
899,0.4461577236652374,0.4341173470020294,0.4334615468978882,0.4329916536808014,0.43297678232192993,,,,
900,0.44613000750541687,0.434116005897522,0.4334607720375061,0.43299156427383423,0.43297675251960754,,,,
901,0.4461023807525635,0.43411460518836975,0.4334600269794464,0.43299153447151184,0.43297678232192993,,,,
902,0.44607484340667725,0.4341132640838623,0.43345925211906433,0.4329914450645447,0.43297678232192993,,,,
903,0.4460473656654358,0.4341118633747101,0.43345850706100464,0.4329913854598999,0.43297678232192993,,,,
904,0.4460199773311615,0.43411046266555786,0.43345779180526733,0.4329913258552551,0.43297672271728516,,,,
905,0.44599267840385437,0.434109091758728,0.43345704674720764,0.43299129605293274,0.43297678232192993,,,,
906,0.44596540927886963,0.4341077506542206,0.43345633149147034,0.43299123644828796,0.43297678232192993,,,,
907,0.4459383189678192,0.4341064393520355,0.43345558643341064,0.4329912066459656,0.43297675251960754,,,,
908,0.4459111988544464,0.4341049790382385,0.43345487117767334,0.432991087436676,0.43297675251960754,,,,
909,0.44588416814804077,0.43410369753837585,0.43345412611961365,0.43299099802970886,0.43297678232192993,,,,
910,0.4458572268486023,0.434102326631546,0.43345341086387634,0.4329909682273865,0.43297675251960754,,,,
911,0.44583040475845337,0.4341009855270386,0.43345263600349426,0.4329908788204193,0.43297672271728516,,,,
912,0.4458036720752716,0.43409961462020874,0.43345195055007935,0.4329908490180969,0.43297675251960754,,,,
913,0.44577696919441223,0.4340982735157013,0.43345120549201965,0.43299075961112976,0.43297675251960754,,,,
914,0.44575032591819763,0.43409690260887146,0.43345049023628235,0.4329907298088074,0.43297675251960754,,,,
915,0.4457238018512726,0.4340956211090088,0.43344980478286743,0.432990700006485,0.43297675251960754,,,,
916,0.4456973075866699,0.43409428000450134,0.4334490895271301,0.43299058079719543,0.43297675251960754,,,,
917,0.4456709325313568,0.4340929687023163,0.4334483742713928,0.43299058079719543,0.43297675251960754,,,,
918,0.44564464688301086,0.43409159779548645,0.43344762921333313,0.43299049139022827,0.43297672271728516,,,,
919,0.4456183612346649,0.434090256690979,0.4334469437599182,0.4329904615879059,0.43297669291496277,,,,
920,0.4455921947956085,0.43408897519111633,0.43344616889953613,0.4329904317855835,0.4329766631126404,,,,
921,0.4455661475658417,0.4340876340866089,0.4334455132484436,0.43299031257629395,0.43297669291496277,,,,
922,0.44554010033607483,0.43408626317977905,0.4334447979927063,0.4329902231693268,0.43297675251960754,,,,
923,0.44551414251327515,0.43408501148223877,0.433444082736969,0.4329902231693268,0.43297669291496277,,,,
924,0.4454882740974426,0.4340837001800537,0.4334433674812317,0.4329901337623596,0.43297672271728516,,,,
925,0.44546252489089966,0.43408235907554626,0.4334426522254944,0.43299010396003723,0.43297669291496277,,,,
926,0.4454367458820343,0.4340810477733612,0.4334419369697571,0.43299007415771484,0.43297675251960754,,,,
927,0.4454111158847809,0.43407973647117615,0.43344128131866455,0.43299001455307007,0.43297669291496277,,,,
928,0.44538548588752747,0.4340784251689911,0.43344050645828247,0.4329899847507477,0.43297669291496277,,,,
929,0.44536006450653076,0.43407711386680603,0.43343988060951233,0.43298983573913574,0.43297672271728516,,,,
930,0.44533461332321167,0.43407580256462097,0.433439165353775,0.43298980593681335,0.43297669291496277,,,,
931,0.44530922174453735,0.4340745508670807,0.4334384799003601,0.4329897463321686,0.43297669291496277,,,,
932,0.44528400897979736,0.43407323956489563,0.4334377944469452,0.4329896867275238,0.43297672271728516,,,,
933,0.445258766412735,0.43407195806503296,0.4334371089935303,0.43298962712287903,0.43297669291496277,,,,
934,0.44523364305496216,0.4340706467628479,0.43343639373779297,0.43298962712287903,0.43297672271728516,,,,
935,0.44520851969718933,0.43406930565834045,0.43343567848205566,0.4329895079135895,0.4329766631126404,,,,
936,0.44518354535102844,0.43406805396080017,0.43343496322631836,0.4329894781112671,0.4329766631126404,,,,
937,0.44515863060951233,0.4340668022632599,0.43343430757522583,0.4329893887042999,0.4329766631126404,,,,
938,0.445133775472641,0.43406549096107483,0.4334336519241333,0.43298935890197754,0.43297669291496277,,,,
939,0.4451090097427368,0.43406420946121216,0.4334329664707184,0.43298929929733276,0.4329766631126404,,,,
940,0.4450843036174774,0.4340629577636719,0.43343228101730347,0.432989239692688,0.4329766631126404,,,,
941,0.4450596570968628,0.4340616464614868,0.43343156576156616,0.4329892098903656,0.432976633310318,,,,
942,0.44503504037857056,0.43406039476394653,0.433430939912796,0.4329891502857208,0.43297669291496277,,,,
943,0.44501054286956787,0.43405911326408386,0.4334302246570587,0.43298912048339844,0.4329766631126404,,,,
944,0.44498610496520996,0.43405789136886597,0.4334295690059662,0.43298906087875366,0.43297669291496277,,,,
945,0.4449617564678192,0.4340566098690033,0.43342888355255127,0.4329889714717865,0.432976633310318,,,,
946,0.44493740797042847,0.4340553879737854,0.43342822790145874,0.4329889714717865,0.4329766631126404,,,,
947,0.44491323828697205,0.43405407667160034,0.4334275424480438,0.4329889118671417,0.4329766631126404,,,,
948,0.44488900899887085,0.43405282497406006,0.4334269165992737,0.43298882246017456,0.43297669291496277,,,,
949,0.4448649287223816,0.4340515732765198,0.43342623114585876,0.4329887926578522,0.4329766631126404,,,,
950,0.4448409378528595,0.4340502917766571,0.43342557549476624,0.4329887628555298,0.4329766631126404,,,,
951,0.444816917181015,0.4340490698814392,0.4334248900413513,0.4329887330532074,0.43297669291496277,,,,
952,0.4447930157184601,0.4340478181838989,0.4334242045879364,0.43298864364624023,0.432976633310318,,,,
953,0.4447692036628723,0.43404656648635864,0.43342354893684387,0.43298858404159546,0.4329766631126404,,,,
954,0.4447454512119293,0.43404534459114075,0.43342292308807373,0.4329884946346283,0.4329766035079956,,,,
955,0.4447217583656311,0.43404412269592285,0.4334222376346588,0.4329884648323059,0.4329766631126404,,,,
956,0.44469815492630005,0.4340428411960602,0.43342164158821106,0.4329884350299835,0.4329766035079956,,,,
957,0.444674551486969,0.4340416193008423,0.43342092633247375,0.43298840522766113,0.432976633310318,,,,
958,0.4446510672569275,0.4340403378009796,0.4334203004837036,0.43298837542533875,0.4329766631126404,,,,
959,0.44462764263153076,0.4340391457080841,0.43341967463493347,0.4329882562160492,0.432976633310318,,,,
960,0.4446042776107788,0.4340379238128662,0.43341898918151855,0.4329882860183716,0.432976633310318,,,,
961,0.4445810317993164,0.4340367019176483,0.4334183633327484,0.43298816680908203,0.4329766035079956,,,,
962,0.444557785987854,0.4340354800224304,0.4334176778793335,0.43298813700675964,0.4329766631126404,,,,
963,0.4445345997810364,0.43403422832489014,0.43341705203056335,0.4329880177974701,0.4329766035079956,,,,
964,0.4445115029811859,0.43403303623199463,0.4334164261817932,0.43298807740211487,0.432976633310318,,,,
965,0.4444884657859802,0.43403181433677673,0.4334157407283783,0.4329879581928253,0.432976633310318,,,,
966,0.4444654881954193,0.4340306520462036,0.43341508507728577,0.43298792839050293,0.432976633310318,,,,
967,0.44444262981414795,0.4340294301509857,0.4334144592285156,0.43298789858818054,0.4329766631126404,,,,
968,0.4444197714328766,0.43402811884880066,0.4334138035774231,0.43298783898353577,0.4329766035079956,,,,
969,0.4443970024585724,0.43402692675590515,0.43341317772865295,0.432987779378891,0.4329766035079956,,,,
970,0.4443742334842682,0.4340257942676544,0.4334125220775604,0.4329877197742462,0.432976633310318,,,,
971,0.4443516433238983,0.4340245723724365,0.4334118962287903,0.4329877197742462,0.4329766035079956,,,,
972,0.44432905316352844,0.43402335047721863,0.43341127038002014,0.43298766016960144,0.4329766035079956,,,,
973,0.44430649280548096,0.43402209877967834,0.43341064453125,0.43298760056495667,0.4329766035079956,,,,
974,0.44428402185440063,0.43402099609375,0.43341001868247986,0.4329875707626343,0.4329766035079956,,,,
975,0.4442616403102875,0.4340197741985321,0.4334093928337097,0.4329874813556671,0.432976633310318,,,,
976,0.4442393183708191,0.434018611907959,0.4334087669849396,0.43298742175102234,0.4329766035079956,,,,
977,0.4442170560359955,0.4340173900127411,0.43340814113616943,0.4329874515533447,0.432976633310318,,,,
978,0.44419482350349426,0.4340161979198456,0.4334075152873993,0.43298736214637756,0.4329766035079956,,,,
979,0.4441726803779602,0.4340150058269501,0.43340688943862915,0.4329873025417328,0.4329766035079956,,,,
980,0.44415053725242615,0.43401384353637695,0.433406263589859,0.4329872727394104,0.4329765737056732,,,,
981,0.44412854313850403,0.43401262164115906,0.4334055781364441,0.432987242937088,0.4329766035079956,,,,
982,0.4441065490245819,0.4340114891529083,0.4334050118923187,0.43298712372779846,0.4329765737056732,,,,
983,0.44408464431762695,0.43401026725769043,0.4334043860435486,0.43298715353012085,0.432976633310318,,,,
984,0.4440627694129944,0.4340091347694397,0.43340378999710083,0.4329870641231537,0.432976633310318,,,,
985,0.44404101371765137,0.4340079128742218,0.4334031641483307,0.4329870641231537,0.4329765737056732,,,,
986,0.44401928782463074,0.43400678038597107,0.43340253829956055,0.4329870343208313,0.4329766035079956,,,,
987,0.44399768114089966,0.4340055584907532,0.4334019124507904,0.43298694491386414,0.4329765737056732,,,,
988,0.4439759850502014,0.43400442600250244,0.43340131640434265,0.43298694491386414,0.4329766035079956,,,,
989,0.4439544677734375,0.43400323390960693,0.4334007203578949,0.432986855506897,0.43297651410102844,,,,
990,0.44393298029899597,0.4340020716190338,0.43340009450912476,0.4329868257045746,0.43297654390335083,,,,
991,0.4439115822315216,0.4340009391307831,0.4333994686603546,0.4329867959022522,0.4329765737056732,,,,
992,0.44389021396636963,0.43399980664253235,0.43339887261390686,0.4329867362976074,0.4329765737056732,,,,
993,0.4438689351081848,0.43399855494499207,0.4333983063697815,0.43298667669296265,0.43297654390335083,,,,
994,0.4438476264476776,0.4339974522590637,0.43339765071868896,0.43298664689064026,0.4329765737056732,,,,
995,0.44382646679878235,0.433996319770813,0.4333970546722412,0.43298661708831787,0.4329766035079956,,,,
996,0.4438053071498871,0.4339951276779175,0.43339648842811584,0.4329865872859955,0.4329765737056732,,,,
997,0.44378426671028137,0.4339940547943115,0.4333958625793457,0.4329865872859955,0.4329765737056732,,,,
998,0.44376325607299805,0.43399283289909363,0.43339529633522034,0.43298646807670593,0.43297654390335083,,,,
999,0.4437422752380371,0.4339916706085205,0.4333946704864502,0.43298643827438354,0.4329765737056732,,,,
1000,0.44372135400772095,0.4339905381202698,0.43339407444000244,0.43298640847206116,0.43297651410102844,,,,
1001,0.44370052218437195,0.43398943543434143,0.4333934783935547,0.43298637866973877,0.43297654390335083,,,,
1002,0.4436797797679901,0.4339882731437683,0.43339285254478455,0.432986319065094,0.4329766035079956,,,,
1003,0.4436590075492859,0.4339871406555176,0.4333922564983368,0.4329862892627716,0.4329765737056732,,,,
1004,0.44363829493522644,0.43398603796958923,0.43339166045188904,0.43298622965812683,0.4329765737056732,,,,
1005,0.44361770153045654,0.4339848756790161,0.43339109420776367,0.43298619985580444,0.4329766035079956,,,,
1006,0.4435971677303314,0.4339837431907654,0.4333905279636383,0.43298614025115967,0.43297654390335083,,,,
1007,0.4435766339302063,0.43398264050483704,0.43338993191719055,0.4329860806465149,0.4329765737056732,,,,
1008,0.44355618953704834,0.4339814782142639,0.4333893656730652,0.4329860508441925,0.43297654390335083,,,,
1009,0.44353583455085754,0.4339803457260132,0.43338876962661743,0.4329860806465149,0.43297654390335083,,,,
1010,0.44351550936698914,0.43397924304008484,0.4333881139755249,0.43298599123954773,0.4329765737056732,,,,
1011,0.4434951841831207,0.4339780807495117,0.4333875775337219,0.43298599123954773,0.43297654390335083,,,,
1012,0.44347500801086426,0.43397700786590576,0.43338704109191895,0.43298590183258057,0.43297654390335083,,,,
1013,0.4434548616409302,0.43397587537765503,0.4333863854408264,0.43298590183258057,0.4329765737056732,,,,
1014,0.44343477487564087,0.4339747726917267,0.43338584899902344,0.4329858124256134,0.43297654390335083,,,,
1015,0.4434146583080292,0.43397364020347595,0.43338528275489807,0.4329858124256134,0.43297654390335083,,,,
1016,0.44339466094970703,0.4339725077152252,0.43338465690612793,0.432985782623291,0.4329765737056732,,,,
1017,0.44337472319602966,0.43397146463394165,0.43338412046432495,0.43298572301864624,0.4329765737056732,,,,
1018,0.44335484504699707,0.4339703321456909,0.4333835542201996,0.43298569321632385,0.43297654390335083,,,,
1019,0.44333499670028687,0.4339691996574402,0.4333829879760742,0.4329856336116791,0.4329765737056732,,,,
1020,0.4433152377605438,0.43396809697151184,0.43338239192962646,0.4329856038093567,0.4329765737056732,,,,
1021,0.44329550862312317,0.4339669942855835,0.4333818554878235,0.4329855442047119,0.43297654390335083,,,,
1022,0.4432757794857025,0.43396592140197754,0.43338125944137573,0.4329855144023895,0.4329765737056732,,,,
1023,0.4432561993598938,0.4339648485183716,0.43338075280189514,0.4329855144023895,0.43297651410102844,,,,
1024,0.4432365894317627,0.43396368622779846,0.433380126953125,0.43298542499542236,0.43297654390335083,,,,
1025,0.44321706891059875,0.4339626729488373,0.43337956070899963,0.43298542499542236,0.4329765737056732,,,,
1026,0.4431976079940796,0.43396157026290894,0.43337902426719666,0.4329853951931,0.43297651410102844,,,,
1027,0.4431782066822052,0.433960497379303,0.4333784580230713,0.4329853355884552,0.43297654390335083,,,,
1028,0.4431588649749756,0.43395933508872986,0.43337783217430115,0.4329853057861328,0.43297651410102844,,,,
1029,0.44313958287239075,0.4339582622051239,0.43337729573249817,0.4329852759838104,0.43297651410102844,,,,
1030,0.4431203007698059,0.43395721912384033,0.4333767294883728,0.43298521637916565,0.43297654390335083,,,,
1031,0.4431011378765106,0.433956116437912,0.4333761930465698,0.4329851269721985,0.4329765737056732,,,,
1032,0.44308197498321533,0.43395504355430603,0.43337562680244446,0.4329851567745209,0.43297654390335083,,,,
1033,0.4430628716945648,0.4339539408683777,0.4333750903606415,0.4329850971698761,0.43297654390335083,,,,
1034,0.44304385781288147,0.4339528977870941,0.4333744943141937,0.4329850673675537,0.43297651410102844,,,,
1035,0.44302481412887573,0.4339517652988434,0.43337395787239075,0.4329850375652313,0.43297651410102844,,,,
1036,0.44300588965415955,0.4339507222175598,0.4333733916282654,0.4329850375652313,0.43297654390335083,,,,
1037,0.44298696517944336,0.43394964933395386,0.4333728849887848,0.43298500776290894,0.43297651410102844,,,,
1038,0.4429681599140167,0.4339485466480255,0.4333723783493042,0.43298494815826416,0.43297654390335083,,,,
1039,0.4429493248462677,0.43394753336906433,0.43337181210517883,0.4329848885536194,0.43297648429870605,,,,
1040,0.4429306387901306,0.4339464604854584,0.43337127566337585,0.432984858751297,0.43297648429870605,,,,
1041,0.44291195273399353,0.43394532799720764,0.4333706498146057,0.432984858751297,0.43297651410102844,,,,
1042,0.44289326667785645,0.43394431471824646,0.4333701729774475,0.43298476934432983,0.43297648429870605,,,,
1043,0.4428746998310089,0.4339432418346405,0.43336960673332214,0.43298476934432983,0.43297651410102844,,,,
1044,0.44285619258880615,0.43394216895103455,0.43336907029151917,0.43298473954200745,0.43297651410102844,,,,
1045,0.4428377151489258,0.433941125869751,0.4333685040473938,0.43298467993736267,0.43297654390335083,,,,
1046,0.4428192675113678,0.4339400827884674,0.4333679676055908,0.43298467993736267,0.43297651410102844,,,,
1047,0.4428008496761322,0.43393900990486145,0.43336740136146545,0.4329846501350403,0.43297654390335083,,,,
1048,0.44278255105018616,0.43393799662590027,0.4333668649196625,0.4329845905303955,0.43297648429870605,,,,
1049,0.4427642822265625,0.4339369237422943,0.4333662986755371,0.4329846203327179,0.43297651410102844,,,,
1050,0.44274604320526123,0.43393591046333313,0.4333657920360565,0.43298450112342834,0.43297654390335083,,,,
1051,0.44272780418395996,0.4339348375797272,0.43336525559425354,0.43298450112342834,0.43297648429870605,,,,
1052,0.44270968437194824,0.4339337646961212,0.43336471915245056,0.43298447132110596,0.43297648429870605,,,,
1053,0.4426916241645813,0.43393275141716003,0.4333641827106476,0.43298444151878357,0.43297651410102844,,,,
1054,0.44267359375953674,0.43393170833587646,0.4333636164665222,0.4329844117164612,0.43297648429870605,,,,
1055,0.4426555931568146,0.4339306652545929,0.433363139629364,0.432984322309494,0.43297648429870605,,,,
1056,0.4426375925540924,0.4339296221733093,0.43336257338523865,0.432984322309494,0.43297651410102844,,,,
1057,0.4426197409629822,0.43392857909202576,0.43336206674575806,0.43298426270484924,0.43297648429870605,,,,
1058,0.4426018297672272,0.4339275360107422,0.4333615005016327,0.43298423290252686,0.43297651410102844,,,,
1059,0.4425840675830841,0.433926522731781,0.4333609342575073,0.43298423290252686,0.43297651410102844,,,,
1060,0.44256630539894104,0.4339255094528198,0.4333605170249939,0.43298420310020447,0.43297654390335083,,,,
1061,0.44254863262176514,0.43392449617385864,0.43335995078086853,0.4329841434955597,0.43297654390335083,,,,
1062,0.44253095984458923,0.4339234530925751,0.43335941433906555,0.4329841434955597,0.43297648429870605,,,,
1063,0.4425133764743805,0.4339223802089691,0.4333588778972626,0.4329841136932373,0.43297651410102844,,,,
1064,0.44249579310417175,0.43392136693000793,0.433358371257782,0.43298402428627014,0.43297648429870605,,,,
1065,0.4424782991409302,0.43392038345336914,0.4333578646183014,0.43298405408859253,0.43297651410102844,,,,
1066,0.4424608051776886,0.43391934037208557,0.4333573579788208,0.43298396468162537,0.43297648429870605,,,,
1067,0.4424434006214142,0.43391838669776917,0.4333568215370178,0.43298396468162537,0.43297651410102844,,,,
1068,0.4424259662628174,0.4339172840118408,0.43335631489753723,0.4329839050769806,0.43297648429870605,,,,
1069,0.4424086809158325,0.43391627073287964,0.43335577845573425,0.432983934879303,0.43297645449638367,,,,
1070,0.44239136576652527,0.43391528725624084,0.43335530161857605,0.4329838752746582,0.43297648429870605,,,,
1071,0.44237416982650757,0.43391427397727966,0.43335476517677307,0.4329838454723358,0.43297651410102844,,,,
1072,0.44235697388648987,0.4339132606983185,0.4333542585372925,0.4329838156700134,0.43297645449638367,,,,
1073,0.44233983755111694,0.4339122772216797,0.4333537817001343,0.43298378586769104,0.43297648429870605,,,,
1074,0.4423227310180664,0.4339112639427185,0.4333532452583313,0.43298372626304626,0.43297648429870605,,,,
1075,0.44230565428733826,0.4339102804660797,0.4333527386188507,0.43298372626304626,0.43297648429870605,,,,
1076,0.44228866696357727,0.43390923738479614,0.43335220217704773,0.4329836964607239,0.43297645449638367,,,,
1077,0.44227170944213867,0.43390828371047974,0.4333517253398895,0.4329836368560791,0.43297645449638367,,,,
1078,0.44225478172302246,0.43390724062919617,0.43335115909576416,0.4329835772514343,0.43297648429870605,,,,
1079,0.4422379434108734,0.4339062571525574,0.43335071206092834,0.4329835772514343,0.43297648429870605,,,,
1080,0.4422210454940796,0.4339052438735962,0.433350145816803,0.43298354744911194,0.43297651410102844,,,,
1081,0.4422042667865753,0.4339042603969574,0.4333496689796448,0.43298351764678955,0.43297648429870605,,,,
1082,0.44218751788139343,0.4339032769203186,0.43334922194480896,0.43298354744911194,0.43297645449638367,,,,
1083,0.4421708285808563,0.4339022636413574,0.43334871530532837,0.43298351764678955,0.43297648429870605,,,,
1084,0.4421541690826416,0.43390125036239624,0.4333482086658478,0.4329834580421448,0.43297645449638367,,,,
1085,0.44213756918907166,0.4339003264904022,0.4333476722240448,0.4329833984375,0.43297648429870605,,,,
1086,0.4421210289001465,0.43389931321144104,0.4333471655845642,0.4329833984375,0.43297651410102844,,,,
1087,0.4421045184135437,0.43389832973480225,0.433346688747406,0.4329833686351776,0.43297648429870605,,,,
1088,0.4420880377292633,0.43389734625816345,0.433346152305603,0.4329833686351776,0.43297648429870605,,,,
1089,0.4420716166496277,0.43389633297920227,0.4333456754684448,0.4329833388328552,0.43297648429870605,,,,
1090,0.44205525517463684,0.43389537930488586,0.43334516882896423,0.43298330903053284,0.43297651410102844,,,,
1091,0.4420388638973236,0.43389442563056946,0.43334466218948364,0.4329832196235657,0.43297645449638367,,,,
1092,0.44202256202697754,0.4338934123516083,0.4333442151546478,0.4329831898212433,0.43297648429870605,,,,
1093,0.4420062303543091,0.4338923990726471,0.43334367871284485,0.4329831898212433,0.4329764246940613,,,,
1094,0.44199010729789734,0.4338914752006531,0.4333432614803314,0.4329831898212433,0.4329764246940613,,,,
1095,0.4419739246368408,0.4338904917240143,0.43334272503852844,0.4329831004142761,0.43297645449638367,,,,
1096,0.44195783138275146,0.4338895380496979,0.43334224820137024,0.4329831302165985,0.43297648429870605,,,,
1097,0.44194167852401733,0.43388858437538147,0.43334174156188965,0.43298307061195374,0.43297651410102844,,,,
1098,0.44192564487457275,0.43388763070106506,0.43334129452705383,0.43298307061195374,0.43297651410102844,,,,
1099,0.44190967082977295,0.43388667702674866,0.43334078788757324,0.43298301100730896,0.4329764246940613,,,,
1100,0.44189372658729553,0.43388569355010986,0.4333403408527374,0.4329829514026642,0.43297645449638367,,,,
1101,0.4418778121471405,0.4338846802711487,0.43333983421325684,0.4329829812049866,0.43297645449638367,,,,
1102,0.4418618977069855,0.43388375639915466,0.43333929777145386,0.4329829514026642,0.43297645449638367,,,,
1103,0.4418460726737976,0.43388280272483826,0.43333888053894043,0.4329829514026642,0.43297648429870605,,,,
1104,0.44183024764060974,0.4338817894458771,0.43333831429481506,0.432982861995697,0.43297645449638367,,,,
1105,0.4418145418167114,0.43388086557388306,0.43333783745765686,0.432982861995697,0.43297645449638367,,,,
1106,0.4417988061904907,0.43387994170188904,0.43333739042282104,0.43298283219337463,0.43297645449638367,,,,
1107,0.4417831301689148,0.43387892842292786,0.43333694338798523,0.43298280239105225,0.43297648429870605,,,,
1108,0.44176751375198364,0.4338780641555786,0.433336466550827,0.43298283219337463,0.43297651410102844,,,,
1109,0.4417519271373749,0.4338770806789398,0.4333359897136688,0.4329827129840851,0.43297645449638367,,,,
1110,0.4417363703250885,0.4338761568069458,0.4333355128765106,0.4329827129840851,0.43297648429870605,,,,
1111,0.4417209029197693,0.433875173330307,0.43333500623703003,0.4329827129840851,0.43297648429870605,,,,
1112,0.4417054057121277,0.4338742196559906,0.4333345592021942,0.4329826831817627,0.4329764246940613,,,,
1113,0.44168993830680847,0.4338732361793518,0.4333340525627136,0.4329826533794403,0.43297645449638367,,,,
1114,0.4416745901107788,0.4338723421096802,0.4333336055278778,0.4329826235771179,0.43297648429870605,,,,
1115,0.44165924191474915,0.43387138843536377,0.4333331286907196,0.4329826235771179,0.43297645449638367,,,,
1116,0.44164398312568665,0.433870404958725,0.4333326518535614,0.43298256397247314,0.4329764246940613,,,,
1117,0.44162866473197937,0.43386954069137573,0.4333322048187256,0.43298253417015076,0.43297645449638367,,,,
1118,0.44161346554756165,0.4338686168193817,0.4333317279815674,0.43298256397247314,0.43297648429870605,,,,
1119,0.4415982961654663,0.4338676333427429,0.43333128094673157,0.43298250436782837,0.4329764246940613,,,,
1120,0.44158312678337097,0.4338667094707489,0.433330774307251,0.4329824447631836,0.4329764246940613,,,,
1121,0.4415680766105652,0.4338657855987549,0.43333035707473755,0.432982474565506,0.43297645449638367,,,,
1122,0.4415529668331146,0.4338648021221161,0.43332982063293457,0.4329824149608612,0.43297645449638367,,,,
1123,0.4415379464626312,0.43386390805244446,0.43332940340042114,0.4329823851585388,0.43297648429870605,,,,
1124,0.4415229260921478,0.43386298418045044,0.43332889676094055,0.4329823851585388,0.43297645449638367,,,,
1125,0.4415079951286316,0.4338620603084564,0.43332844972610474,0.4329823851585388,0.4329764246940613,,,,
1126,0.44149306416511536,0.4338611662387848,0.4333280026912689,0.43298235535621643,0.4329763948917389,,,,
1127,0.4414782226085663,0.433860182762146,0.4333275556564331,0.43298229575157166,0.4329764246940613,,,,
1128,0.4414633810520172,0.43385928869247437,0.4333270788192749,0.43298229575157166,0.4329764246940613,,,,
1129,0.4414485991001129,0.43385836482048035,0.4333266615867615,0.4329822361469269,0.43297645449638367,,,,
1130,0.441433846950531,0.4338574707508087,0.43332621455192566,0.43298226594924927,0.43297645449638367,,,,
1131,0.4414191246032715,0.4338565468788147,0.43332570791244507,0.4329822063446045,0.43297645449638367,,,,
1132,0.44140440225601196,0.4338556230068207,0.43332529067993164,0.43298211693763733,0.43297648429870605,,,,
1133,0.4413897693157196,0.43385469913482666,0.43332481384277344,0.43298211693763733,0.43297651410102844,,,,
1134,0.44137516617774963,0.43385374546051025,0.43332433700561523,0.4329821467399597,0.43297645449638367,,,,
1135,0.4413606524467468,0.433852881193161,0.4333239197731018,0.43298208713531494,0.43297648429870605,,,,
1136,0.441346138715744,0.4338519275188446,0.433323472738266,0.43298208713531494,0.43297645449638367,,,,
1137,0.4413316249847412,0.43385106325149536,0.4333229959011078,0.43298208713531494,0.4329764246940613,,,,
1138,0.4413171410560608,0.43385013937950134,0.433322548866272,0.43298202753067017,0.43297645449638367,,,,
1139,0.44130274653434753,0.4338492155075073,0.43332207202911377,0.4329819977283478,0.4329764246940613,,,,
1140,0.4412883222103119,0.4338483512401581,0.43332168459892273,0.43298202753067017,0.4329764246940613,,,,
1141,0.4412740170955658,0.43384745717048645,0.43332117795944214,0.4329819977283478,0.43297645449638367,,,,
1142,0.4412597119808197,0.43384653329849243,0.4333207607269287,0.4329819679260254,0.4329764246940613,,,,
1143,0.441245436668396,0.4338456392288208,0.4333203434944153,0.4329819679260254,0.43297645449638367,,,,
1144,0.44123122096061707,0.4338447153568268,0.4333198666572571,0.43298184871673584,0.43297648429870605,,,,
1145,0.4412170648574829,0.43384382128715515,0.4333193898200989,0.43298184871673584,0.4329764246940613,,,,
1146,0.44120287895202637,0.4338429570198059,0.43331897258758545,0.43298184871673584,0.43297645449638367,,,,
1147,0.441188782453537,0.4338420331478119,0.43331852555274963,0.43298184871673584,0.43297645449638367,,,,
1148,0.4411746561527252,0.43384110927581787,0.4333180785179138,0.43298181891441345,0.43297645449638367,,,,
1149,0.4411606192588806,0.43384024500846863,0.433317631483078,0.43298178911209106,0.4329764246940613,,,,
1150,0.4411466717720032,0.4338393807411194,0.4333172142505646,0.43298178911209106,0.4329764246940613,,,,
1151,0.44113266468048096,0.43383845686912537,0.43331673741340637,0.4329817593097687,0.43297645449638367,,,,
1152,0.4411187171936035,0.43383753299713135,0.43331634998321533,0.4329817593097687,0.43297648429870605,,,,
1153,0.44110479950904846,0.4338366985321045,0.4333159029483795,0.4329816699028015,0.4329764246940613,,,,
1154,0.44109100103378296,0.43383580446243286,0.4333154559135437,0.4329816699028015,0.43297645449638367,,,,
1155,0.4410771131515503,0.43383491039276123,0.4333150088787079,0.4329816699028015,0.4329764246940613,,,,
1156,0.4410633146762848,0.4338340163230896,0.43331459164619446,0.4329816699028015,0.43297645449638367,,,,
1157,0.44104960560798645,0.43383318185806274,0.43331414461135864,0.4329816699028015,0.4329764246940613,,,,
1158,0.44103583693504333,0.43383222818374634,0.4333137273788452,0.43298161029815674,0.4329764246940613,,,,
1159,0.4410221576690674,0.43383145332336426,0.4333133101463318,0.43298155069351196,0.43297645449638367,,,,
1160,0.4410085380077362,0.4338305592536926,0.4333128333091736,0.43298155069351196,0.4329764246940613,,,,
1161,0.44099485874176025,0.4338296949863434,0.43331241607666016,0.4329814910888672,0.43297645449638367,,,,
1162,0.44098126888275146,0.43382880091667175,0.43331196904182434,0.4329814910888672,0.4329763948917389,,,,
1163,0.4409677982330322,0.43382787704467773,0.4333115220069885,0.4329814612865448,0.4329764246940613,,,,
1164,0.4409542679786682,0.4338270127773285,0.4333111047744751,0.4329814910888672,0.43297645449638367,,,,
1165,0.4409407377243042,0.43382614850997925,0.43331071734428406,0.4329814314842224,0.4329764246940613,,,,
1166,0.44092732667922974,0.4338252544403076,0.43331024050712585,0.4329814314842224,0.43297645449638367,,,,
1167,0.4409138858318329,0.43382444977760315,0.4333098828792572,0.4329814016819,0.43297645449638367,,,,
1168,0.4409005045890808,0.4338235557079315,0.4333094358444214,0.43298137187957764,0.43297648429870605,,,,
1169,0.4408871829509735,0.4338226914405823,0.43330898880958557,0.43298137187957764,0.4329764246940613,,,,
1170,0.4408738911151886,0.4338218569755554,0.43330857157707214,0.43298134207725525,0.4329764246940613,,,,
1171,0.4408605396747589,0.43382102251052856,0.43330812454223633,0.43298134207725525,0.43297645449638367,,,,
1172,0.44084733724594116,0.43382012844085693,0.4333077669143677,0.4329812824726105,0.43297645449638367,,,,
1173,0.4408341348171234,0.4338192641735077,0.4333072900772095,0.43298131227493286,0.43297648429870605,,,,
1174,0.4408210217952728,0.43381839990615845,0.43330687284469604,0.4329812824726105,0.4329763650894165,,,,
1175,0.4408078193664551,0.4338175356388092,0.4333064556121826,0.4329812228679657,0.4329763948917389,,,,
1176,0.4407946765422821,0.4338166415691376,0.4333060383796692,0.4329812228679657,0.4329763948917389,,,,
1177,0.4407816529273987,0.4338158071041107,0.43330565094947815,0.4329812228679657,0.4329764246940613,,,,
1178,0.44076859951019287,0.4338149428367615,0.4333052337169647,0.4329812228679657,0.4329764246940613,,,,
1179,0.44075557589530945,0.4338141083717346,0.4333048164844513,0.4329811632633209,0.4329764246940613,,,,
1180,0.4407426118850708,0.4338132441043854,0.43330439925193787,0.4329811632633209,0.4329764246940613,,,,
1181,0.44072970747947693,0.4338124096393585,0.43330395221710205,0.4329811632633209,0.4329763948917389,,,,
1182,0.44071680307388306,0.43381157517433167,0.4333035349845886,0.43298113346099854,0.4329764246940613,,,,
1183,0.4407038986682892,0.4338107109069824,0.4333031177520752,0.43298110365867615,0.4329764246940613,,,,
1184,0.44069111347198486,0.43380987644195557,0.43330270051956177,0.43298107385635376,0.4329764246940613,,,,
1185,0.4406782388687134,0.4338090419769287,0.43330228328704834,0.43298107385635376,0.4329764246940613,,,,
1186,0.44066551327705383,0.43380820751190186,0.4333018958568573,0.43298104405403137,0.43297645449638367,,,,
1187,0.4406526982784271,0.4338073432445526,0.43330147862434387,0.432981014251709,0.4329763948917389,,,,
1188,0.44064000248908997,0.43380656838417053,0.43330106139183044,0.43298104405403137,0.4329764246940613,,,,
1189,0.4406273663043976,0.4338056743144989,0.4333006739616394,0.4329809546470642,0.4329764246940613,,,,
1190,0.4406147003173828,0.43380486965179443,0.433300256729126,0.4329809546470642,0.4329764246940613,,,,
1191,0.44060206413269043,0.4338040351867676,0.43329983949661255,0.4329809248447418,0.4329764246940613,,,,
1192,0.44058945775032043,0.43380317091941833,0.4332994520664215,0.4329809248447418,0.43297645449638367,,,,
1193,0.4405769109725952,0.43380236625671387,0.4332990348339081,0.43298086524009705,0.4329763948917389,,,,
1194,0.44056442379951477,0.4338015019893646,0.43329861760139465,0.43298089504241943,0.4329764246940613,,,,
1195,0.4405519366264343,0.43380066752433777,0.4332982003688812,0.43298086524009705,0.4329764246940613,,,,
1196,0.44053950905799866,0.4337998330593109,0.4332978129386902,0.43298086524009705,0.43297645449638367,,,,
1197,0.440527081489563,0.43379902839660645,0.43329742550849915,0.43298080563545227,0.4329764246940613,,,,
1198,0.44051462411880493,0.4337981939315796,0.43329697847366333,0.43298080563545227,0.43297645449638367,,,,
1199,0.44050225615501404,0.43379735946655273,0.4332966208457947,0.4329807758331299,0.4329763948917389,,,,
1200,0.4404899477958679,0.4337965250015259,0.4332961440086365,0.4329807758331299,0.4329764246940613,,,,
1201,0.4404776096343994,0.4337957203388214,0.4332958161830902,0.4329807162284851,0.4329764246940613,,,,
1202,0.44046536087989807,0.43379488587379456,0.4332953989505768,0.4329807162284851,0.43297645449638367,,,,
1203,0.4404531419277191,0.4337940514087677,0.43329504132270813,0.4329807162284851,0.43297645449638367,,,,
1204,0.44044092297554016,0.4337932765483856,0.4332946240901947,0.4329807162284851,0.4329764246940613,,,,
1205,0.4404287338256836,0.43379244208335876,0.43329423666000366,0.4329807162284851,0.4329763948917389,,,,
1206,0.4404166042804718,0.4337916076183319,0.43329381942749023,0.43298062682151794,0.4329764246940613,,,,
1207,0.4404045045375824,0.43379080295562744,0.4332934319972992,0.4329806864261627,0.4329764246940613,,,,
1208,0.4403923451900482,0.433789998292923,0.43329301476478577,0.4329806864261627,0.4329763948917389,,,,
1209,0.44038036465644836,0.4337892234325409,0.43329259753227234,0.43298062682151794,0.43297645449638367,,,,
1210,0.44036829471588135,0.43378835916519165,0.4332922697067261,0.4329805374145508,0.4329764246940613,,,,
1211,0.4403562843799591,0.4337875247001648,0.43329185247421265,0.43298059701919556,0.4329763948917389,,,,
1212,0.44034433364868164,0.4337867796421051,0.433291494846344,0.4329805374145508,0.4329764246940613,,,,
1213,0.44033241271972656,0.43378591537475586,0.4332910478115082,0.4329805374145508,0.4329764246940613,,,,
1214,0.44032052159309387,0.4337851405143738,0.4332906901836395,0.4329805374145508,0.43297645449638367,,,,
1215,0.4403086304664612,0.4337843656539917,0.4332903325557709,0.4329805076122284,0.43297645449638367,,,,
1216,0.44029679894447327,0.43378353118896484,0.43328991532325745,0.4329805076122284,0.4329763948917389,,,,
1217,0.44028493762016296,0.433782696723938,0.4332895278930664,0.4329804480075836,0.4329764246940613,,,,
1218,0.4402731657028198,0.4337818920612335,0.43328914046287537,0.4329805076122284,0.4329764246940613,,,,
1219,0.4402613937854767,0.43378111720085144,0.4332887530326843,0.4329804480075836,0.43297645449638367,,,,
1220,0.4402496814727783,0.43378034234046936,0.4332883656024933,0.43298041820526123,0.4329764246940613,,,,
1221,0.44023799896240234,0.4337795078754425,0.43328794836997986,0.43298041820526123,0.43297645449638367,,,,
1222,0.440226286649704,0.4337787330150604,0.4332875907421112,0.43298041820526123,0.43297645449638367,,,,
1223,0.4402146637439728,0.43377789855003357,0.4332871735095978,0.43298038840293884,0.4329764246940613,,,,
1224,0.4402030408382416,0.4337771534919739,0.4332868456840515,0.43298038840293884,0.4329764246940613,,,,
1225,0.44019144773483276,0.43377628922462463,0.4332864582538605,0.43298035860061646,0.43297645449638367,,,,
1226,0.4401799142360687,0.43377554416656494,0.4332861006259918,0.43298032879829407,0.4329763948917389,,,,
1227,0.4401683807373047,0.43377476930618286,0.4332857131958008,0.43298032879829407,0.4329764246940613,,,,
1228,0.44015687704086304,0.433773934841156,0.43328529596328735,0.43298032879829407,0.4329763948917389,,,,
1229,0.44014543294906616,0.4337732195854187,0.4332849383354187,0.4329802989959717,0.4329763948917389,,,,
1230,0.4401339888572693,0.43377241492271423,0.43328455090522766,0.4329802989959717,0.4329764246940613,,,,
1231,0.4401225745677948,0.43377161026000977,0.433284193277359,0.4329802989959717,0.4329764246940613,,,,
1232,0.4401112198829651,0.4337707757949829,0.4332837760448456,0.4329802691936493,0.4329763948917389,,,,
1233,0.4400998055934906,0.43377000093460083,0.4332834482192993,0.4329802095890045,0.4329763948917389,,,,
1234,0.44008851051330566,0.43376922607421875,0.4332830309867859,0.4329802393913269,0.4329764246940613,,,,
1235,0.44007718563079834,0.43376845121383667,0.43328264355659485,0.4329802095890045,0.4329764246940613,,,,
1236,0.4400659501552582,0.4337676763534546,0.4332822561264038,0.4329802095890045,0.4329764246940613,,,,
1237,0.44005468487739563,0.4337668716907501,0.43328186869621277,0.43298017978668213,0.4329763650894165,,,,
1238,0.44004350900650024,0.43376609683036804,0.4332815110683441,0.43298017978668213,0.4329763650894165,,,,
1239,0.44003233313560486,0.43376532196998596,0.4332811236381531,0.43298014998435974,0.4329763948917389,,,,
1240,0.4400210976600647,0.43376457691192627,0.4332807660102844,0.43298009037971497,0.4329763948917389,,,,
1241,0.4400099813938141,0.4337638020515442,0.4332803785800934,0.43298012018203735,0.4329764246940613,,,,
1242,0.43999892473220825,0.4337630271911621,0.43328002095222473,0.4329800605773926,0.4329764246940613,,,,
1243,0.43998783826828003,0.43376222252845764,0.43327969312667847,0.43298009037971497,0.4329763948917389,,,,
1244,0.4399767518043518,0.43376147747039795,0.43327927589416504,0.4329800605773926,0.4329764246940613,,,,
1245,0.43996572494506836,0.43376070261001587,0.4332789480686188,0.4329800605773926,0.4329764246940613,,,,
1246,0.4399547576904297,0.4337599277496338,0.43327853083610535,0.4329800307750702,0.4329763948917389,,,,
1247,0.4399438202381134,0.4337591826915741,0.4332781732082367,0.4329800605773926,0.4329763948917389,,,,
1248,0.43993282318115234,0.433758407831192,0.43327778577804565,0.4329799711704254,0.4329763948917389,,,,
1249,0.43992191553115845,0.43375760316848755,0.433277428150177,0.4329800009727478,0.4329764246940613,,,,
1250,0.43991103768348694,0.43375688791275024,0.43327710032463074,0.4329799711704254,0.4329764246940613,,,,
1251,0.4399001896381378,0.4337560832500458,0.4332766830921173,0.432979941368103,0.4329764246940613,,,,
1252,0.4398893713951111,0.4337552785873413,0.43327635526657104,0.432979941368103,0.43297645449638367,,,,
1253,0.43987855315208435,0.433754563331604,0.4332759976387024,0.43297991156578064,0.4329763948917389,,,,
1254,0.43986776471138,0.4337537884712219,0.43327558040618896,0.43297991156578064,0.4329763948917389,,,,
1255,0.43985694646835327,0.43375304341316223,0.4332752525806427,0.43297988176345825,0.4329763948917389,,,,
1256,0.4398462474346161,0.43375229835510254,0.43327489495277405,0.43297988176345825,0.4329763650894165,,,,
1257,0.4398355484008789,0.43375149369239807,0.4332745671272278,0.43297988176345825,0.4329763650894165,,,,
1258,0.4398249089717865,0.4337507486343384,0.43327420949935913,0.4329798221588135,0.4329763650894165,,,,
1259,0.4398142397403717,0.4337500333786011,0.4332738220691681,0.43297985196113586,0.4329763948917389,,,,
1260,0.4398036003112793,0.4337492883205414,0.43327346444129944,0.4329797923564911,0.4329763948917389,,,,
1261,0.4397929906845093,0.4337485134601593,0.4332730770111084,0.4329797625541687,0.4329764246940613,,,,
1262,0.4397825002670288,0.4337477684020996,0.43327274918556213,0.43297985196113586,0.4329763948917389,,,,
1263,0.4397719204425812,0.4337470531463623,0.4332723915576935,0.4329797625541687,0.4329763948917389,,,,
1264,0.4397614300251007,0.4337462782859802,0.43327197432518005,0.4329797625541687,0.4329764246940613,,,,
1265,0.43975090980529785,0.43374550342559814,0.4332716464996338,0.4329797923564911,0.4329764246940613,,,,
1266,0.4397404193878174,0.43374475836753845,0.43327128887176514,0.4329797625541687,0.43297645449638367,,,,
1267,0.4397299885749817,0.43374401330947876,0.4332709312438965,0.4329797327518463,0.43297645449638367,,,,
1268,0.439719557762146,0.4337432384490967,0.4332706034183502,0.4329797029495239,0.43297645449638367,,,,
1269,0.4397091567516327,0.4337425231933594,0.43327024579048157,0.4329797029495239,0.4329764246940613,,,,
1270,0.4396987855434418,0.4337417483329773,0.4332698583602905,0.43297967314720154,0.4329763948917389,,,,
1271,0.43968847393989563,0.4337410628795624,0.43326953053474426,0.43297967314720154,0.4329763948917389,,,,
1272,0.4396781921386719,0.4337402880191803,0.4332691729068756,0.43297964334487915,0.4329764246940613,,,,
1273,0.4396679103374481,0.4337396025657654,0.43326884508132935,0.43297964334487915,0.4329764246940613,,,,
1274,0.43965762853622437,0.4337388873100281,0.4332684874534607,0.43297964334487915,0.43297645449638367,,,,
1275,0.4396473467350006,0.4337380826473236,0.43326815962791443,0.43297961354255676,0.43297645449638367,,,,
1276,0.4396371841430664,0.43373730778694153,0.433267742395401,0.432979553937912,0.4329763948917389,,,,
1277,0.4396269917488098,0.4337366223335266,0.43326741456985474,0.4329795837402344,0.4329764246940613,,,,
1278,0.4396168291568756,0.4337359368801117,0.4332670569419861,0.4329795837402344,0.4329764246940613,,,,
1279,0.4396066665649414,0.4337351322174072,0.4332667589187622,0.4329795837402344,0.4329763948917389,,,,
1280,0.4395965337753296,0.4337344467639923,0.43326637148857117,0.432979553937912,0.4329764246940613,,,,
1281,0.43958649039268494,0.4337337017059326,0.4332660436630249,0.432979553937912,0.4329764246940613,,,,
1282,0.4395764172077179,0.4337329566478729,0.43326568603515625,0.4329795241355896,0.4329764246940613,,,,
1283,0.43956634402275085,0.433732271194458,0.4332653284072876,0.4329795241355896,0.43297645449638367,,,,
1284,0.4395563006401062,0.43373146653175354,0.43326500058174133,0.4329795241355896,0.4329763948917389,,,,
1285,0.4395463168621063,0.4337307810783386,0.4332646429538727,0.4329794943332672,0.4329764246940613,,,,
1286,0.4395363926887512,0.43373003602027893,0.4332643151283264,0.4329794645309448,0.4329763948917389,,,,
1287,0.43952643871307373,0.4337293207645416,0.43326395750045776,0.4329794943332672,0.4329763948917389,,,,
1288,0.43951651453971863,0.4337286055088043,0.4332636296749115,0.43297943472862244,0.4329764246940613,,,,
1289,0.4395065903663635,0.433727890253067,0.43326324224472046,0.43297943472862244,0.4329764246940613,,,,
1290,0.4394967257976532,0.4337271749973297,0.4332629442214966,0.43297943472862244,0.4329764246940613,,,,
1291,0.43948686122894287,0.43372642993927,0.43326258659362793,0.43297940492630005,0.43297645449638367,,,,
1292,0.4394770562648773,0.4337257146835327,0.4332622289657593,0.43297937512397766,0.43297645449638367,,,,
1293,0.43946725130081177,0.433724969625473,0.4332618713378906,0.43297937512397766,0.4329763948917389,,,,
1294,0.4394574761390686,0.4337242841720581,0.43326157331466675,0.43297943472862244,0.4329764246940613,,,,
1295,0.4394477605819702,0.4337235689163208,0.4332612454891205,0.4329793453216553,0.4329763650894165,,,,
1296,0.4394380450248718,0.4337228536605835,0.43326085805892944,0.4329793453216553,0.4329763650894165,,,,
1297,0.4394282400608063,0.4337221682071686,0.43326058983802795,0.4329793453216553,0.4329763948917389,,,,
1298,0.43941861391067505,0.4337213635444641,0.4332602322101593,0.4329793155193329,0.4329763948917389,,,,
1299,0.43940892815589905,0.4337206780910492,0.4332599341869354,0.43297937512397766,0.4329763948917389,,,,
1300,0.4393993020057678,0.4337199628353119,0.433259516954422,0.4329793155193329,0.4329763948917389,,,,
1301,0.439389705657959,0.433719277381897,0.4332592189311981,0.4329793453216553,0.4329764246940613,,,,
1302,0.43938010931015015,0.43371859192848206,0.43325886130332947,0.4329793155193329,0.4329763948917389,,,,
1303,0.4393705129623413,0.43371790647506714,0.4332585334777832,0.4329793155193329,0.4329763650894165,,,,
1304,0.43936094641685486,0.43371713161468506,0.43325817584991455,0.4329792559146881,0.4329764246940613,,,,
1305,0.43935149908065796,0.43371644616127014,0.4332578778266907,0.4329792261123657,0.4329764246940613,,,,
1306,0.4393419921398163,0.4337157607078552,0.4332575798034668,0.4329792261123657,0.43297645449638367,,,,
1307,0.4393324553966522,0.43371498584747314,0.43325722217559814,0.4329792559146881,0.4329763948917389,,,,
1308,0.4393230378627777,0.4337143003940582,0.4332568645477295,0.4329792261123657,0.4329763948917389,,,,
1309,0.4393135905265808,0.4337136149406433,0.4332565367221832,0.4329792261123657,0.4329764246940613,,,,
1310,0.4393041729927063,0.4337129294872284,0.43325623869895935,0.43297916650772095,0.4329763948917389,,,,
1311,0.4392947852611542,0.4337122142314911,0.4332558512687683,0.43297919631004333,0.4329763948917389,,,,
1312,0.4392854571342468,0.43371152877807617,0.4332555830478668,0.43297916650772095,0.4329763650894165,,,,
1313,0.4392761290073395,0.43371087312698364,0.43325522541999817,0.43297913670539856,0.4329764246940613,,,,
1314,0.43926680088043213,0.43371012806892395,0.4332548975944519,0.43297916650772095,0.4329764246940613,,,,
1315,0.4392574727535248,0.43370944261550903,0.43325456976890564,0.43297916650772095,0.43297645449638367,,,,
1316,0.4392482340335846,0.4337087571620941,0.43325427174568176,0.43297913670539856,0.4329763948917389,,,,
1317,0.439238965511322,0.4337080419063568,0.4332539141178131,0.43297910690307617,0.4329763948917389,,,,
1318,0.43922972679138184,0.4337073862552643,0.43325358629226685,0.43297913670539856,0.4329763650894165,,,,
1319,0.43922051787376404,0.43370670080184937,0.4332532584667206,0.43297910690307617,0.4329763948917389,,,,
1320,0.43921133875846863,0.43370604515075684,0.4332529306411743,0.43297913670539856,0.4329763948917389,,,,
1321,0.4392021894454956,0.43370524048805237,0.43325263261795044,0.4329790472984314,0.4329763352870941,,,,
1322,0.4391930401325226,0.4337046146392822,0.4332523047924042,0.4329790771007538,0.4329763650894165,,,,
1323,0.43918392062187195,0.4337039291858673,0.4332519769668579,0.4329790472984314,0.4329763650894165,,,,
1324,0.4391748011112213,0.43370321393013,0.43325167894363403,0.432979017496109,0.4329763650894165,,,,
1325,0.43916577100753784,0.4337025582790375,0.43325135111808777,0.4329790472984314,0.4329763948917389,,,,
1326,0.4391566812992096,0.43370187282562256,0.4332509934902191,0.432979017496109,0.4329763948917389,,,,
1327,0.4391476511955261,0.43370115756988525,0.43325069546699524,0.432979017496109,0.4329763948917389,,,,
1328,0.4391386806964874,0.43370047211647034,0.43325039744377136,0.4329790472984314,0.4329763948917389,,,,
1329,0.43912965059280396,0.4336998164653778,0.4332500696182251,0.43297895789146423,0.4329764246940613,,,,
1330,0.43912068009376526,0.4336991012096405,0.4332497715950012,0.4329789876937866,0.4329764246940613,,,,
1331,0.43911170959472656,0.4336984157562256,0.43324941396713257,0.432979017496109,0.4329764246940613,,,,
1332,0.43910282850265503,0.43369776010513306,0.4332490861415863,0.4329789876937866,0.4329763650894165,,,,
1333,0.4390938878059387,0.43369704484939575,0.43324875831604004,0.43297895789146423,0.43297645449638367,,,,
1334,0.4390850067138672,0.43369635939598083,0.43324846029281616,0.43297889828681946,0.4329763948917389,,,,
1335,0.43907618522644043,0.4336957335472107,0.4332481324672699,0.43297886848449707,0.4329764246940613,,,,
1336,0.4390673339366913,0.4336950480937958,0.433247834444046,0.43297889828681946,0.4329763948917389,,,,
1337,0.4390585124492645,0.43369442224502563,0.43324750661849976,0.43297889828681946,0.4329763948917389,,,,
1338,0.43904969096183777,0.43369370698928833,0.4332471787929535,0.43297889828681946,0.4329763352870941,,,,
1339,0.4390408992767334,0.4336930513381958,0.4332468807697296,0.43297892808914185,0.4329764246940613,,,,
1340,0.4390321373939514,0.4336923658847809,0.43324655294418335,0.43297886848449707,0.4329764246940613,,,,
1341,0.4390234053134918,0.43369171023368835,0.4332462549209595,0.4329788386821747,0.4329763650894165,,,,
1342,0.4390146732330322,0.43369099497795105,0.4332459270954132,0.43297886848449707,0.4329763948917389,,,,
1343,0.439005970954895,0.4336903691291809,0.43324559926986694,0.4329788386821747,0.4329763948917389,,,,
1344,0.4389972984790802,0.4336896538734436,0.43324530124664307,0.4329788386821747,0.4329763650894165,,,,
1345,0.43898865580558777,0.4336889982223511,0.4332449734210968,0.4329788088798523,0.4329763650894165,,,,
1346,0.43898001313209534,0.43368834257125854,0.43324464559555054,0.4329788088798523,0.4329763948917389,,,,
1347,0.4389714002609253,0.43368765711784363,0.43324434757232666,0.4329788088798523,0.4329763948917389,,,,
1348,0.4389628469944,0.4336870610713959,0.43324407935142517,0.4329787790775299,0.4329763948917389,,,,
1349,0.43895429372787476,0.43368634581565857,0.4332437217235565,0.4329788088798523,0.4329763948917389,,,,
1350,0.4389456510543823,0.43368569016456604,0.43324345350265503,0.4329788088798523,0.4329764246940613,,,,
1351,0.43893715739250183,0.4336850643157959,0.43324312567710876,0.4329787790775299,0.4329764246940613,,,,
1352,0.43892866373062134,0.433684378862381,0.4332428574562073,0.4329787492752075,0.4329764246940613,,,,
1353,0.4389200806617737,0.43368375301361084,0.4332424998283386,0.4329787492752075,0.43297645449638367,,,,
1354,0.4389116168022156,0.43368300795555115,0.43324223160743713,0.43297871947288513,0.4329763948917389,,,,
1355,0.43890324234962463,0.433682382106781,0.43324190378189087,0.4329787492752075,0.4329763948917389,,,,
1356,0.43889477849006653,0.43368178606033325,0.433241605758667,0.43297868967056274,0.4329763948917389,,,,
1357,0.4388863742351532,0.43368107080459595,0.4332412779331207,0.43297865986824036,0.4329764246940613,,,,
1358,0.43887799978256226,0.4336804151535034,0.43324100971221924,0.43297868967056274,0.4329763948917389,,,,
1359,0.4388696253299713,0.4336797893047333,0.433240681886673,0.43297868967056274,0.4329763948917389,,,,
1360,0.43886125087738037,0.43367910385131836,0.4332403838634491,0.43297865986824036,0.4329763948917389,,,,
1361,0.4388529062271118,0.4336784780025482,0.4332401156425476,0.43297865986824036,0.4329763650894165,,,,
1362,0.43884462118148804,0.4336777925491333,0.43323978781700134,0.43297863006591797,0.4329764246940613,,,,
1363,0.43883633613586426,0.43367719650268555,0.4332394599914551,0.43297865986824036,0.4329764246940613,,,,
1364,0.4388280212879181,0.43367648124694824,0.4332391619682312,0.43297863006591797,0.4329763650894165,,,,
1365,0.4388197362422943,0.4336758553981781,0.43323883414268494,0.4329786002635956,0.4329763948917389,,,,
1366,0.4388115108013153,0.4336751699447632,0.4332386255264282,0.4329786002635956,0.4329763948917389,,,,
1367,0.4388033151626587,0.43367457389831543,0.43323829770088196,0.4329786002635956,0.4329763948917389,,,,
1368,0.4387950897216797,0.4336739778518677,0.4332379996776581,0.4329785704612732,0.4329763948917389,,,,
1369,0.43878692388534546,0.43367326259613037,0.4332376718521118,0.4329785406589508,0.4329764246940613,,,,
1370,0.43877875804901123,0.4336726665496826,0.43323731422424316,0.4329786002635956,0.4329763948917389,,,,
1371,0.4387706220149994,0.4336719512939453,0.43323710560798645,0.4329785704612732,0.4329764246940613,,,,
1372,0.43876251578330994,0.43367135524749756,0.4332367777824402,0.4329785406589508,0.4329763948917389,,,,
1373,0.4387544095516205,0.43367069959640503,0.4332364797592163,0.4329786002635956,0.4329764246940613,,,,
1374,0.43874630331993103,0.4336701035499573,0.43323615193367004,0.4329785704612732,0.4329764246940613,,,,
1375,0.43873822689056396,0.43366941809654236,0.43323588371276855,0.4329785406589508,0.4329764246940613,,,,
1376,0.4387301802635193,0.4336687922477722,0.4332355558872223,0.4329785406589508,0.4329764246940613,,,,
1377,0.4387221932411194,0.4336681365966797,0.4332352876663208,0.4329785704612732,0.43297645449638367,,,,
1378,0.4387141764163971,0.43366751074790955,0.4332349896430969,0.4329785108566284,0.43297645449638367,,,,
1379,0.4387061595916748,0.4336669147014618,0.43323472142219543,0.4329785406589508,0.4329763948917389,,,,
1380,0.4386982023715973,0.43366625905036926,0.43323442339897156,0.4329785108566284,0.4329763948917389,,,,
1381,0.4386902451515198,0.43366560339927673,0.4332340955734253,0.43297848105430603,0.4329763650894165,,,,
1382,0.43868228793144226,0.4336649775505066,0.43323376774787903,0.43297848105430603,0.4329763650894165,,,,
1383,0.4386743903160095,0.43366435170173645,0.43323346972465515,0.4329785108566284,0.4329763650894165,,,,
1384,0.4386664927005768,0.43366366624832153,0.43323323130607605,0.43297845125198364,0.4329763650894165,,,,
1385,0.43865859508514404,0.4336630702018738,0.4332329332828522,0.43297848105430603,0.4329763948917389,,,,
1386,0.4386507272720337,0.43366241455078125,0.4332326650619507,0.43297845125198364,0.4329763948917389,,,,
1387,0.4386429190635681,0.4336618185043335,0.4332323670387268,0.43297845125198364,0.4329763948917389,,,,
1388,0.43863508105278015,0.4336611330509186,0.43323203921318054,0.43297839164733887,0.4329763948917389,,,,
1389,0.4386272430419922,0.4336605966091156,0.43323183059692383,0.43297842144966125,0.4329764246940613,,,,
1390,0.438619464635849,0.4336599111557007,0.43323150277137756,0.43297842144966125,0.4329763948917389,,,,
1391,0.4386117160320282,0.43365931510925293,0.4332311749458313,0.43297842144966125,0.4329763948917389,,,,
1392,0.4386039078235626,0.4336586892604828,0.4332308769226074,0.43297839164733887,0.4329763352870941,,,,
1393,0.4385961890220642,0.43365800380706787,0.43323060870170593,0.43297842144966125,0.4329763650894165,,,,
1394,0.4385885000228882,0.43365737795829773,0.43323034048080444,0.43297839164733887,0.4329763650894165,,,,
1395,0.43858084082603455,0.43365678191185,0.43323004245758057,0.4329783320426941,0.4329763650894165,,,,
1396,0.43857309222221375,0.4336562156677246,0.4332297742366791,0.4329783618450165,0.4329763650894165,,,,
1397,0.4385654032230377,0.4336555600166321,0.4332295060157776,0.43297842144966125,0.4329763650894165,,,,
1398,0.43855777382850647,0.43365493416786194,0.4332292377948761,0.4329783022403717,0.4329763948917389,,,,
1399,0.43855011463165283,0.4336543381214142,0.43322888016700745,0.4329783320426941,0.4329763948917389,,,,
1400,0.43854254484176636,0.43365368247032166,0.43322861194610596,0.4329783320426941,0.4329763948917389,,,,
1401,0.4385349452495575,0.4336531162261963,0.43322834372520447,0.4329783618450165,0.4329763948917389,,,,
1402,0.43852734565734863,0.43365246057510376,0.433228075504303,0.4329783022403717,0.4329764246940613,,,,
1403,0.43851983547210693,0.4336518943309784,0.4332277774810791,0.4329782724380493,0.4329763948917389,,,,
1404,0.43851226568222046,0.4336511790752411,0.43322744965553284,0.4329783022403717,0.4329763948917389,,,,
1405,0.43850472569465637,0.4336506426334381,0.4332272410392761,0.4329783022403717,0.4329763948917389,,,,
1406,0.4384972155094147,0.43365001678466797,0.43322691321372986,0.4329783022403717,0.4329763948917389,,,,
1407,0.43848976492881775,0.4336494207382202,0.43322664499282837,0.4329783022403717,0.4329763650894165,,,,
1408,0.4384823143482208,0.4336487352848053,0.4332263469696045,0.4329782724380493,0.4329763650894165,,,,
1409,0.4384748041629791,0.43364813923835754,0.433226078748703,0.43297824263572693,0.4329763650894165,,,,
1410,0.4384673833847046,0.4336475431919098,0.4332258105278015,0.4329783022403717,0.4329763650894165,,,,
1411,0.43845996260643005,0.4336469769477844,0.43322548270225525,0.4329782724380493,0.4329763948917389,,,,
1412,0.43845251202583313,0.4336463212966919,0.43322518467903137,0.43297821283340454,0.4329763948917389,,,,
1413,0.43844518065452576,0.43364575505256653,0.4332249164581299,0.4329782724380493,0.4329763948917389,,,,
1414,0.4384377896785736,0.4336451292037964,0.43322470784187317,0.43297821283340454,0.4329763948917389,,,,
1415,0.43843039870262146,0.43364453315734863,0.4332243800163269,0.43297818303108215,0.4329763948917389,,,,
1416,0.4384230375289917,0.4336439073085785,0.433224081993103,0.43297821283340454,0.4329764246940613,,,,
1417,0.4384157955646515,0.4336433708667755,0.4332238733768463,0.43297818303108215,0.4329764246940613,,,,
1418,0.4384084641933441,0.43364274501800537,0.43322354555130005,0.43297815322875977,0.4329764246940613,,,,
1419,0.4384011924266815,0.43364205956459045,0.43322327733039856,0.43297821283340454,0.4329764246940613,,,,
1420,0.43839389085769653,0.4336415231227875,0.4332229793071747,0.43297818303108215,0.4329763948917389,,,,
1421,0.43838658928871155,0.43364089727401733,0.4332227110862732,0.43297818303108215,0.4329764246940613,,,,
1422,0.4383793771266937,0.4336403012275696,0.43322238326072693,0.4329781234264374,0.4329764246940613,,,,
1423,0.4383721649646759,0.4336397349834442,0.4332221448421478,0.43297815322875977,0.4329764246940613,,,,
1424,0.43836498260498047,0.43363913893699646,0.4332219064235687,0.43297821283340454,0.4329764246940613,,,,
1425,0.43835777044296265,0.4336385428905487,0.43322163820266724,0.4329781234264374,0.4329764246940613,,,,
1426,0.4383506178855896,0.43363791704177856,0.43322134017944336,0.4329781234264374,0.4329763948917389,,,,
1427,0.43834346532821655,0.4336373209953308,0.43322107195854187,0.4329781234264374,0.4329763948917389,,,,
1428,0.4383362829685211,0.43363669514656067,0.4332208037376404,0.4329781234264374,0.4329763948917389,,,,
1429,0.43832916021347046,0.4336360991001129,0.43322059512138367,0.432978093624115,0.4329763948917389,,,,
1430,0.43832212686538696,0.43363553285598755,0.433220237493515,0.43297815322875977,0.4329763948917389,,,,
1431,0.4383150041103363,0.43363499641418457,0.4332199692726135,0.432978093624115,0.4329764246940613,,,,
1432,0.4383079409599304,0.43363437056541443,0.4332197606563568,0.4329780638217926,0.4329764246940613,,,,
1433,0.43830087780952454,0.4336337447166443,0.43321943283081055,0.4329781234264374,0.4329764246940613,,,,
1434,0.43829381465911865,0.4336331784725189,0.43321916460990906,0.4329781234264374,0.4329763948917389,,,,
1435,0.43828678131103516,0.4336325526237488,0.43321889638900757,0.4329780340194702,0.4329764246940613,,,,
1436,0.43827977776527405,0.4336320161819458,0.43321865797042847,0.432978093624115,0.4329764246940613,,,,
1437,0.43827277421951294,0.43363142013549805,0.4332183301448822,0.4329780638217926,0.4329763650894165,,,,
1438,0.4382658004760742,0.4336308538913727,0.4332181215286255,0.4329781234264374,0.4329763650894165,,,,
1439,0.4382588565349579,0.4336302578449249,0.4332178235054016,0.4329780638217926,0.4329763650894165,,,,
1440,0.43825191259384155,0.4336296319961548,0.4332175850868225,0.4329780638217926,0.4329763650894165,,,,
1441,0.4382449686527252,0.4336290955543518,0.433217316865921,0.4329780340194702,0.4329763948917389,,,,
1442,0.4382380545139313,0.43362846970558167,0.43321701884269714,0.4329780340194702,0.4329763948917389,,,,
1443,0.4382311701774597,0.4336279034614563,0.43321675062179565,0.4329780340194702,0.4329763948917389,,,,
1444,0.43822428584098816,0.43362733721733093,0.4332164525985718,0.4329780340194702,0.4329763948917389,,,,
1445,0.4382173717021942,0.43362677097320557,0.43321627378463745,0.4329780042171478,0.4329763948917389,,,,
1446,0.4382105767726898,0.4336261749267578,0.4332159757614136,0.43297797441482544,0.4329763948917389,,,,
1447,0.43820369243621826,0.43362557888031006,0.4332157075405121,0.4329780042171478,0.4329764246940613,,,,
1448,0.4381968379020691,0.4336250424385071,0.4332153797149658,0.43297797441482544,0.4329764246940613,,,,
1449,0.4381900429725647,0.43362441658973694,0.4332151710987091,0.43297797441482544,0.4329764246940613,,,,
1450,0.4381832778453827,0.4336238205432892,0.43321493268013,0.43297797441482544,0.4329764246940613,,,,
1451,0.4381764531135559,0.4336232841014862,0.43321463465690613,0.4329780340194702,0.4329763650894165,,,,
1452,0.43816977739334106,0.43362265825271606,0.433214396238327,0.4329780042171478,0.4329763948917389,,,,
1453,0.43816298246383667,0.4336221218109131,0.43321412801742554,0.43297791481018066,0.4329763948917389,,,,
1454,0.43815624713897705,0.43362152576446533,0.43321385979652405,0.43297797441482544,0.4329763948917389,,,,
1455,0.4381495416164398,0.43362098932266235,0.43321356177330017,0.43297794461250305,0.4329763948917389,,,,
1456,0.4381428062915802,0.4336203932762146,0.43321332335472107,0.43297794461250305,0.4329763650894165,,,,
1457,0.43813610076904297,0.43361982703208923,0.4332130253314972,0.43297794461250305,0.4329763650894165,,,,
1458,0.4381294548511505,0.43361926078796387,0.4332127571105957,0.43297791481018066,0.4329764246940613,,,,
1459,0.43812280893325806,0.4336186945438385,0.433212548494339,0.43297791481018066,0.4329764246940613,,,,
1460,0.4381161332130432,0.43361812829971313,0.4332122802734375,0.43297791481018066,0.4329763948917389,,,,
1461,0.4381095767021179,0.433617502450943,0.4332120716571808,0.43297791481018066,0.4329763948917389,,,,
1462,0.43810296058654785,0.4336169958114624,0.4332117736339569,0.43297791481018066,0.4329763948917389,,,,
1463,0.4380963146686554,0.43361636996269226,0.4332115054130554,0.43297791481018066,0.4329764246940613,,,,
1464,0.4380897581577301,0.4336158335208893,0.43321123719215393,0.43297794461250305,0.4329764246940613,,,,
1465,0.4380832016468048,0.4336152970790863,0.43321096897125244,0.4329778850078583,0.4329764246940613,,,,
1466,0.4380766451358795,0.43361470103263855,0.43321067094802856,0.4329778850078583,0.4329764246940613,,,,
1467,0.4380700886249542,0.4336140751838684,0.43321046233177185,0.4329778254032135,0.4329764246940613,,,,
1468,0.4380635619163513,0.4336135983467102,0.43321022391319275,0.4329778850078583,0.4329764246940613,,,,
1469,0.4380570352077484,0.43361300230026245,0.43320992588996887,0.4329778850078583,0.4329763948917389,,,,
1470,0.4380505681037903,0.4336124360561371,0.43320971727371216,0.43297791481018066,0.4329763948917389,,,,
1471,0.43804413080215454,0.4336118698120117,0.4332094192504883,0.4329778552055359,0.4329763650894165,,,,
1472,0.43803760409355164,0.43361130356788635,0.43320924043655396,0.4329778552055359,0.4329763650894165,,,,
1473,0.4380311965942383,0.4336107671260834,0.4332089424133301,0.4329778552055359,0.4329763650894165,,,,
1474,0.43802469968795776,0.4336102306842804,0.433208703994751,0.4329777956008911,0.4329763650894165,,,,
1475,0.4380183219909668,0.43360963463783264,0.4332084059715271,0.4329778254032135,0.4329763948917389,,,,
1476,0.43801188468933105,0.4336090087890625,0.4332081377506256,0.4329778552055359,0.4329763948917389,,,,
1477,0.4380054771900177,0.4336085021495819,0.4332079291343689,0.4329778254032135,0.4329763948917389,,,,
1478,0.4379991590976715,0.4336079955101013,0.4332077205181122,0.4329777657985687,0.4329763948917389,,,,
1479,0.43799275159835815,0.4336073696613312,0.4332074224948883,0.4329778254032135,0.4329763948917389,,,,
1480,0.43798643350601196,0.4336068630218506,0.4332071840763092,0.4329777956008911,0.4329763948917389,,,,
1481,0.4379800856113434,0.4336063265800476,0.4332069456577301,0.4329778254032135,0.4329764246940613,,,,
1482,0.4379737377166748,0.43360576033592224,0.43320661783218384,0.4329777657985687,0.4329764246940613,,,,
1483,0.4379674196243286,0.4336051940917969,0.4332064092159271,0.4329777956008911,0.4329763650894165,,,,
1484,0.4379611313343048,0.4336046576499939,0.43320614099502563,0.4329777657985687,0.4329763650894165,,,,
1485,0.4379548728466034,0.43360409140586853,0.43320590257644653,0.4329777956008911,0.4329763650894165,,,,
1486,0.4379485845565796,0.43360352516174316,0.43320566415786743,0.4329777657985687,0.4329763650894165,,,,
1487,0.4379423260688782,0.4336030185222626,0.43320542573928833,0.4329777956008911,0.4329763948917389,,,,
1488,0.43793609738349915,0.4336024820804596,0.43320509791374207,0.4329777657985687,0.4329763948917389,,,,
1489,0.4379298985004425,0.43360185623168945,0.43320488929748535,0.43297773599624634,0.4329763948917389,,,,
1490,0.4379236400127411,0.43360134959220886,0.43320462107658386,0.43297770619392395,0.4329763948917389,,,,
1491,0.43791744112968445,0.4336008131504059,0.43320441246032715,0.43297773599624634,0.4329763948917389,,,,
1492,0.4379113018512726,0.4336002469062805,0.43320414423942566,0.43297770619392395,0.4329763948917389,,,,
1493,0.43790507316589355,0.4335997402667999,0.43320393562316895,0.43297773599624634,0.4329763948917389,,,,
1494,0.4378989040851593,0.4335991442203522,0.43320363759994507,0.43297770619392395,0.4329764246940613,,,,
1495,0.4378928244113922,0.4335986375808716,0.43320342898368835,0.43297773599624634,0.4329764246940613,,,,
1496,0.43788668513298035,0.433598130941391,0.43320316076278687,0.43297773599624634,0.4329763948917389,,,,
1497,0.4378805160522461,0.43359753489494324,0.43320295214653015,0.43297770619392395,0.4329763948917389,,,,
1498,0.4378744661808014,0.43359696865081787,0.43320268392562866,0.43297767639160156,0.4329763948917389,,,,
1499,0.4378683567047119,0.4335964322090149,0.4332024157047272,0.43297770619392395,0.4329763948917389,,,,
1500,0.4378623068332672,0.4335959255695343,0.43320220708847046,0.43297767639160156,0.4329764246940613,,,,
1501,0.43785616755485535,0.4335953891277313,0.43320193886756897,0.43297767639160156,0.4329764246940613,,,,
1502,0.43785014748573303,0.43359482288360596,0.43320170044898987,0.43297767639160156,0.4329764246940613,,,,
1503,0.43784409761428833,0.4335942566394806,0.43320149183273315,0.4329776465892792,0.4329764246940613,,,,
1504,0.4378381073474884,0.4335937798023224,0.43320122361183167,0.43297767639160156,0.4329764246940613,,,,
1505,0.4378320872783661,0.4335932433605194,0.4332009553909302,0.43297770619392395,0.4329764246940613,,,,
1506,0.4378260672092438,0.43359267711639404,0.43320074677467346,0.43297767639160156,0.4329763650894165,,,,
1507,0.43782010674476624,0.43359214067459106,0.43320053815841675,0.4329776465892792,0.4329763948917389,,,,
1508,0.4378141164779663,0.4335916042327881,0.43320024013519287,0.4329776167869568,0.4329763948917389,,,,
1509,0.4378081262111664,0.4335910677909851,0.4331999719142914,0.43297770619392395,0.4329763352870941,,,,
1510,0.43780219554901123,0.43359053134918213,0.43319976329803467,0.43297767639160156,0.4329763948917389,,,,
1511,0.43779632449150085,0.43358999490737915,0.4331994950771332,0.4329775869846344,0.4329763352870941,,,,
1512,0.4377903640270233,0.43358945846557617,0.43319928646087646,0.4329776167869568,0.4329763352870941,,,,
1513,0.43778446316719055,0.43358898162841797,0.43319907784461975,0.4329775869846344,0.4329763352870941,,,,
1514,0.4377785623073578,0.433588445186615,0.43319880962371826,0.4329776167869568,0.4329763650894165,,,,
1515,0.4377726912498474,0.43358784914016724,0.4331985414028168,0.4329775869846344,0.4329763650894165,,,,
1516,0.43776679039001465,0.43358737230300903,0.43319833278656006,0.4329776167869568,0.4329763650894165,,,,
1517,0.43776097893714905,0.43358683586120605,0.43319812417030334,0.4329775869846344,0.4329763650894165,,,,
1518,0.43775513768196106,0.4335862994194031,0.43319782614707947,0.4329776167869568,0.4329763650894165,,,,
1519,0.43774932622909546,0.4335857629776001,0.43319764733314514,0.4329775869846344,0.4329763650894165,,,,
1520,0.4377434551715851,0.4335852563381195,0.43319740891456604,0.4329775869846344,0.4329763650894165,,,,
1521,0.43773767352104187,0.43358471989631653,0.43319714069366455,0.4329775869846344,0.4329763948917389,,,,
1522,0.43773189187049866,0.43358418345451355,0.43319693207740784,0.432977557182312,0.4329763948917389,,,,
1523,0.43772611021995544,0.43358367681503296,0.43319663405418396,0.4329775869846344,0.4329763948917389,,,,
1524,0.4377203583717346,0.43358317017555237,0.43319642543792725,0.432977557182312,0.4329763948917389,,,,
1525,0.437714546918869,0.4335826337337494,0.43319618701934814,0.4329775869846344,0.4329763948917389,,,,
1526,0.43770885467529297,0.4335820972919464,0.43319594860076904,0.43297749757766724,0.4329763948917389,,,,
1527,0.43770313262939453,0.43358156085014343,0.43319568037986755,0.432977557182312,0.4329763948917389,,,,
1528,0.4376974105834961,0.43358102440834045,0.43319547176361084,0.432977557182312,0.4329763948917389,,,,
1529,0.43769168853759766,0.43358054757118225,0.43319520354270935,0.4329775273799896,0.4329763948917389,,,,
1530,0.437686026096344,0.4335800111293793,0.43319496512413025,0.43297749757766724,0.4329763948917389,,,,
1531,0.43768030405044556,0.4335795044898987,0.4331947863101959,0.432977557182312,0.4329763948917389,,,,
1532,0.4376746416091919,0.4335789978504181,0.43319451808929443,0.43297749757766724,0.4329763948917389,,,,
1533,0.437669038772583,0.4335784912109375,0.43319427967071533,0.432977557182312,0.4329763948917389,,,,
1534,0.43766334652900696,0.4335779547691345,0.43319404125213623,0.43297749757766724,0.4329763948917389,,,,
1535,0.4376577138900757,0.43357741832733154,0.4331938326358795,0.4329775273799896,0.4329763948917389,,,,
1536,0.4376520812511444,0.43357694149017334,0.4331935942173004,0.43297749757766724,0.4329763650894165,,,,
1537,0.4376464784145355,0.43357640504837036,0.4331933856010437,0.4329775273799896,0.4329764246940613,,,,
1538,0.437640905380249,0.43357589840888977,0.433193176984787,0.43297749757766724,0.4329764246940613,,,,
1539,0.43763530254364014,0.4335753619670868,0.4331929087638855,0.4329775273799896,0.4329764246940613,,,,
1540,0.4376298189163208,0.4335748255252838,0.4331927001476288,0.43297749757766724,0.4329764246940613,,,,
1541,0.4376242160797119,0.4335743188858032,0.4331924319267273,0.4329775273799896,0.4329763650894165,,,,
1542,0.4376186728477478,0.43357381224632263,0.4331922233104706,0.43297749757766724,0.4329763650894165,,,,
1543,0.4376130998134613,0.43357333540916443,0.43319201469421387,0.4329775273799896,0.4329763650894165,,,,
1544,0.43760761618614197,0.43357282876968384,0.4331917464733124,0.43297743797302246,0.43297645449638367,,,,
1545,0.43760207295417786,0.43357229232788086,0.43319153785705566,0.43297749757766724,0.4329763948917389,,,,
1546,0.4375965893268585,0.4335717558860779,0.4331912398338318,0.4329775273799896,0.4329763948917389,,,,
1547,0.4375911056995392,0.4335712790489197,0.43319106101989746,0.43297746777534485,0.4329763948917389,,,,
1548,0.43758562207221985,0.4335708022117615,0.43319085240364075,0.43297743797302246,0.4329763948917389,,,,
1549,0.4375801384449005,0.4335702955722809,0.43319061398506165,0.43297746777534485,0.4329763948917389,,,,
1550,0.43757471442222595,0.4335697591304779,0.43319034576416016,0.4329774081707001,0.4329763948917389,,,,
1551,0.437569260597229,0.4335692822933197,0.43319013714790344,0.43297746777534485,0.4329763650894165,,,,
1552,0.43756383657455444,0.4335687458515167,0.43318992853164673,0.43297743797302246,0.4329763352870941,,,,
1553,0.43755844235420227,0.43356820940971375,0.43318971991539,0.43297746777534485,0.4329763352870941,,,,
1554,0.4375529885292053,0.43356773257255554,0.4331894814968109,0.43297743797302246,0.4329764246940613,,,,
1555,0.43754762411117554,0.43356722593307495,0.4331892430782318,0.43297743797302246,0.4329764246940613,,,,
1556,0.43754225969314575,0.43356674909591675,0.4331890046596527,0.43297743797302246,0.4329763352870941,,,,
1557,0.43753689527511597,0.43356624245643616,0.433188796043396,0.43297743797302246,0.4329763352870941,,,,
1558,0.4375315308570862,0.43356573581695557,0.4331885874271393,0.4329774081707001,0.4329763352870941,,,,
1559,0.4375261962413788,0.4335651993751526,0.4331883490085602,0.43297743797302246,0.4329763352870941,,,,
1560,0.4375208616256714,0.4335647523403168,0.43318814039230347,0.4329774081707001,0.4329763650894165,,,,
1561,0.4375155568122864,0.4335642158985138,0.43318790197372437,0.4329774081707001,0.4329764246940613,,,,
1562,0.437510222196579,0.433563768863678,0.4331876337528229,0.4329774081707001,0.4329763650894165,,,,
1563,0.4375048577785492,0.433563232421875,0.43318742513656616,0.4329773783683777,0.4329763650894165,,,,
1564,0.43749961256980896,0.433562695980072,0.43318721652030945,0.43297743797302246,0.4329763650894165,,,,
1565,0.43749430775642395,0.4335622191429138,0.43318700790405273,0.4329773783683777,0.4329764246940613,,,,
1566,0.4374890923500061,0.433561772108078,0.433186799287796,0.4329773783683777,0.4329763650894165,,,,
1567,0.4374838173389435,0.433561235666275,0.4331865608692169,0.43297743797302246,0.4329763650894165,,,,
1568,0.43747854232788086,0.43356072902679443,0.4331863224506378,0.4329774081707001,0.4329763650894165,,,,
1569,0.437473326921463,0.43356025218963623,0.4331861138343811,0.4329773485660553,0.4329763948917389,,,,
1570,0.43746811151504517,0.433559775352478,0.433185875415802,0.4329774081707001,0.4329763948917389,,,,
1571,0.43746286630630493,0.4335592985153198,0.4331856667995453,0.4329773485660553,0.4329763948917389,,,,
1572,0.4374576807022095,0.43355879187583923,0.4331853985786438,0.4329773783683777,0.4329763948917389,,,,
1573,0.4374525249004364,0.43355828523635864,0.43318524956703186,0.4329773783683777,0.4329763948917389,,,,
1574,0.43744733929634094,0.43355774879455566,0.43318504095077515,0.4329773187637329,0.4329763948917389,,,,
1575,0.4374421536922455,0.43355730175971985,0.43318477272987366,0.4329773485660553,0.4329763948917389,,,,
1576,0.43743696808815,0.43355676531791687,0.43318456411361694,0.4329773783683777,0.4329763948917389,,,,
1577,0.4374319016933441,0.43355631828308105,0.43318432569503784,0.4329774081707001,0.4329763948917389,,,,
1578,0.43742674589157104,0.43355584144592285,0.4331841468811035,0.4329773187637329,0.4329764246940613,,,,
1579,0.437421590089798,0.43355539441108704,0.433183878660202,0.4329773187637329,0.4329764246940613,,,,
1580,0.4374164938926697,0.43355485796928406,0.4331837296485901,0.4329773187637329,0.4329763948917389,,,,
1581,0.437411367893219,0.43355438113212585,0.4331834614276886,0.4329773485660553,0.4329763948917389,,,,
1582,0.4374063014984131,0.43355387449264526,0.4331832230091095,0.4329772889614105,0.4329763948917389,,,,
1583,0.4374012351036072,0.43355345726013184,0.4331830143928528,0.4329773485660553,0.4329763948917389,,,,
1584,0.43739616870880127,0.43355292081832886,0.43318283557891846,0.4329773485660553,0.4329764246940613,,,,
1585,0.43739110231399536,0.4335523843765259,0.43318259716033936,0.4329773187637329,0.4329763948917389,,,,
1586,0.43738603591918945,0.43355196714401245,0.43318238854408264,0.4329773187637329,0.4329763352870941,,,,
1587,0.4373810291290283,0.4335514307022095,0.4331821799278259,0.4329773187637329,0.4329764246940613,,,,
1588,0.4373759925365448,0.43355101346969604,0.4331819713115692,0.43297725915908813,0.4329763650894165,,,,
1589,0.4373709559440613,0.43355050683021545,0.4331817030906677,0.4329772889614105,0.4329763650894165,,,,
1590,0.43736597895622253,0.43355000019073486,0.433181494474411,0.4329773485660553,0.4329764246940613,,,,
1591,0.437360942363739,0.43354955315589905,0.4331813454627991,0.4329773187637329,0.4329764246940613,,,,
1592,0.4373559355735779,0.43354907631874084,0.4331810772418976,0.4329773187637329,0.4329764246940613,,,,
1593,0.4373509883880615,0.43354853987693787,0.43318086862564087,0.43297725915908813,0.4329763650894165,,,,
1594,0.43734604120254517,0.43354809284210205,0.43318066000938416,0.4329773187637329,0.4329763650894165,,,,
1595,0.4373410940170288,0.43354761600494385,0.43318045139312744,0.4329773485660553,0.4329763650894165,,,,
1596,0.4373360872268677,0.43354710936546326,0.4331802427768707,0.4329772889614105,0.4329763948917389,,,,
1597,0.4373311996459961,0.43354666233062744,0.4331800043582916,0.43297725915908813,0.4329763948917389,,,,
1598,0.43732625246047974,0.4335462152957916,0.4331797957420349,0.43297725915908813,0.4329763948917389,,,,
1599,0.43732136487960815,0.43354570865631104,0.4331795871257782,0.43297725915908813,0.4329763948917389,,,,
1600,0.4373164474964142,0.43354520201683044,0.4331793785095215,0.4329772889614105,0.4329763948917389,,,,
1601,0.437311589717865,0.433544784784317,0.43317916989326477,0.4329772889614105,0.4329763948917389,,,,
1602,0.437306672334671,0.4335442781448364,0.4331789016723633,0.43297722935676575,0.4329763948917389,,,,
1603,0.4373018443584442,0.4335438013076782,0.43317875266075134,0.43297725915908813,0.4329763948917389,,,,
1604,0.43729692697525024,0.4335433542728424,0.43317854404449463,0.43297725915908813,0.4329763948917389,,,,
1605,0.4372921288013458,0.43354281783103943,0.4331783354282379,0.43297722935676575,0.4329763948917389,,,,
1606,0.437287300825119,0.433542400598526,0.4331780672073364,0.43297722935676575,0.4329763948917389,,,,
1607,0.4372824728488922,0.4335418939590454,0.4331778883934021,0.43297722935676575,0.4329763948917389,,,,
1608,0.4372776448726654,0.4335414171218872,0.4331776797771454,0.43297719955444336,0.4329763948917389,,,,
1609,0.437272846698761,0.4335409700870514,0.4331774413585663,0.43297722935676575,0.4329763948917389,,,,
1610,0.4372680187225342,0.4335404932498932,0.43317729234695435,0.43297725915908813,0.4329763948917389,,,,
1611,0.4372631907463074,0.433540016412735,0.43317702412605286,0.43297719955444336,0.4329763948917389,,,,
1612,0.43725845217704773,0.43353956937789917,0.4331768751144409,0.43297722935676575,0.4329763948917389,,,,
1613,0.4372537136077881,0.43353909254074097,0.4331766664981842,0.43297719955444336,0.4329763948917389,,,,
1614,0.4372488856315613,0.43353864550590515,0.4331764578819275,0.43297722935676575,0.4329763948917389,,,,
1615,0.4372442066669464,0.43353819847106934,0.4331762194633484,0.43297725915908813,0.4329763948917389,,,,
1616,0.437239408493042,0.4335377514362335,0.4331759512424469,0.43297722935676575,0.4329763352870941,,,,
1617,0.43723466992378235,0.43353721499443054,0.43317580223083496,0.43297719955444336,0.4329764246940613,,,,
1618,0.43723002076148987,0.4335367977619171,0.43317562341690063,0.43297719955444336,0.4329763650894165,,,,
1619,0.43722525238990784,0.4335362911224365,0.43317538499832153,0.43297719955444336,0.4329764246940613,,,,
1620,0.43722057342529297,0.4335358738899231,0.4331751763820648,0.43297722935676575,0.4329763650894165,,,,
1621,0.4372158646583557,0.4335354268550873,0.4331749677658081,0.43297716975212097,0.4329764246940613,,,,
1622,0.43721118569374084,0.4335349202156067,0.433174729347229,0.43297716975212097,0.4329763650894165,,,,
1623,0.437206506729126,0.43353450298309326,0.4331745505332947,0.4329771399497986,0.4329763650894165,,,,
1624,0.4372018575668335,0.43353399634361267,0.4331743121147156,0.43297719955444336,0.4329763650894165,,,,
1625,0.437197208404541,0.43353357911109924,0.43317413330078125,0.4329771399497986,0.4329763650894165,,,,
1626,0.43719255924224854,0.43353307247161865,0.43317389488220215,0.43297716975212097,0.4329763650894165,,,,
1627,0.43718791007995605,0.4335326552391052,0.4331737458705902,0.4329771399497986,0.4329763948917389,,,,
1628,0.43718332052230835,0.43353214859962463,0.4331735670566559,0.4329771399497986,0.4329763948917389,,,,
1629,0.43717867136001587,0.4335317313671112,0.43317335844039917,0.43297716975212097,0.4329763948917389,,,,
1630,0.43717408180236816,0.4335312843322754,0.43317314982414246,0.4329771399497986,0.4329763948917389,,,,
1631,0.43716952204704285,0.4335308074951172,0.43317294120788574,0.43297716975212097,0.4329763948917389,,,,
1632,0.43716493248939514,0.43353036046028137,0.43317273259162903,0.4329771399497986,0.4329763948917389,,,,
1633,0.43716031312942505,0.43352988362312317,0.4331725239753723,0.43297716975212097,0.4329763948917389,,,,
1634,0.4371557831764221,0.4335293769836426,0.4331723749637604,0.43297716975212097,0.4329763948917389,,,,
1635,0.4371512234210968,0.43352895975112915,0.4331721067428589,0.4329771399497986,0.4329763948917389,,,,
1636,0.4371466338634491,0.43352851271629333,0.43317195773124695,0.4329771399497986,0.4329763948917389,,,,
1637,0.43714216351509094,0.4335280656814575,0.43317174911499023,0.4329771399497986,0.4329763948917389,,,,
1638,0.43713757395744324,0.4335275888442993,0.4331715404987335,0.4329771101474762,0.4329763948917389,,,,
1639,0.4371331036090851,0.4335271120071411,0.4331713318824768,0.4329771101474762,0.4329764246940613,,,,
1640,0.43712854385375977,0.4335266649723053,0.4331711232662201,0.4329771399497986,0.4329764246940613,,,,
1641,0.4371240437030792,0.4335262179374695,0.4331709146499634,0.4329771101474762,0.4329764246940613,,,,
1642,0.4371195435523987,0.43352580070495605,0.43317070603370667,0.43297716975212097,0.4329764246940613,,,,
1643,0.4371150732040405,0.43352535367012024,0.43317049741744995,0.4329771101474762,0.4329764246940613,,,,
1644,0.43711057305336,0.4335249066352844,0.433170348405838,0.4329771399497986,0.4329763650894165,,,,
1645,0.43710610270500183,0.4335244297981262,0.4331701099872589,0.4329771399497986,0.4329764246940613,,,,
1646,0.43710169196128845,0.4335239827632904,0.4331698715686798,0.4329771101474762,0.4329764246940613,,,,
1647,0.4370972514152527,0.4335235357284546,0.4331696927547455,0.4329771399497986,0.4329763650894165,,,,
1648,0.43709278106689453,0.4335230588912964,0.43316954374313354,0.4329770803451538,0.4329763650894165,,,,
1649,0.43708837032318115,0.43352267146110535,0.43316933512687683,0.4329770803451538,0.4329763650894165,,,,
1650,0.4370839297771454,0.43352219462394714,0.43316906690597534,0.4329771101474762,0.4329763948917389,,,,
1651,0.4370795488357544,0.43352174758911133,0.433168888092041,0.4329771101474762,0.4329763948917389,,,,
1652,0.437075138092041,0.4335213005542755,0.4331687092781067,0.4329771399497986,0.4329763948917389,,,,
1653,0.4370708167552948,0.4335209131240845,0.43316850066185,0.4329771101474762,0.4329763948917389,,,,
1654,0.43706634640693665,0.43352043628692627,0.43316829204559326,0.4329770505428314,0.4329763948917389,,,,
1655,0.43706199526786804,0.43351998925209045,0.4331681430339813,0.43297702074050903,0.4329763948917389,,,,
1656,0.43705761432647705,0.43351954221725464,0.4331679344177246,0.4329770505428314,0.4329763948917389,,,,
1657,0.43705323338508606,0.4335191249847412,0.4331677258014679,0.4329771101474762,0.4329763948917389,,,,
1658,0.43704888224601746,0.4335186779499054,0.4331675171852112,0.4329770505428314,0.4329763650894165,,,,
1659,0.437044620513916,0.4335182309150696,0.43316730856895447,0.4329770803451538,0.4329763948917389,,,,
1660,0.437040239572525,0.4335177540779114,0.43316715955734253,0.43297702074050903,0.4329763948917389,,,,
1661,0.4370359182357788,0.43351733684539795,0.4331670105457306,0.4329770505428314,0.4329763948917389,,,,
1662,0.43703165650367737,0.43351688981056213,0.4331667423248291,0.4329770803451538,0.4329763948917389,,,,
1663,0.4370272755622864,0.4335164427757263,0.43316659331321716,0.43297702074050903,0.4329764246940613,,,,
1664,0.43702301383018494,0.4335159957408905,0.43316635489463806,0.4329770505428314,0.4329763948917389,,,,
1665,0.4370187222957611,0.4335155785083771,0.43316614627838135,0.4329770505428314,0.4329763948917389,,,,
1666,0.43701446056365967,0.43351513147354126,0.433165967464447,0.43297702074050903,0.4329763948917389,,,,
1667,0.4370101988315582,0.43351468443870544,0.4331657886505127,0.4329770803451538,0.4329763948917389,,,,
1668,0.4370059669017792,0.43351420760154724,0.433165580034256,0.4329770505428314,0.4329763948917389,,,,
1669,0.43700167536735535,0.4335138201713562,0.43316537141799927,0.4329770803451538,0.4329764246940613,,,,
1670,0.4369974732398987,0.4335133731365204,0.43316519260406494,0.4329770803451538,0.4329763948917389,,,,
1671,0.43699318170547485,0.43351292610168457,0.4331649839878082,0.4329770505428314,0.4329763948917389,,,,
1672,0.4369889795780182,0.43351253867149353,0.4331648051738739,0.4329770505428314,0.4329763948917389,,,,
1673,0.4369847774505615,0.4335120618343353,0.4331645965576172,0.43297702074050903,0.4329763948917389,,,,
1674,0.4369805157184601,0.4335117042064667,0.43316441774368286,0.43297702074050903,0.4329763948917389,,,,
1675,0.4369763433933258,0.43351122736930847,0.43316417932510376,0.4329770505428314,0.4329763948917389,,,,
1676,0.43697214126586914,0.43351078033447266,0.4331640303134918,0.43297702074050903,0.4329764246940613,,,,
1677,0.4369679391384125,0.43351036310195923,0.4331638216972351,0.43297702074050903,0.4329764246940613,,,,
1678,0.4369637966156006,0.4335099160671234,0.43316367268562317,0.43297699093818665,0.4329763650894165,,,,
1679,0.4369596242904663,0.43350949883461,0.43316346406936646,0.4329770505428314,0.4329763650894165,,,,
1680,0.4369554817676544,0.43350905179977417,0.43316328525543213,0.43297702074050903,0.4329763650894165,,,,
1681,0.43695130944252014,0.43350860476493835,0.4331630766391754,0.43297702074050903,0.4329763650894165,,,,
1682,0.43694719672203064,0.4335082173347473,0.4331629276275635,0.43297699093818665,0.4329763650894165,,,,
1683,0.43694302439689636,0.4335077404975891,0.433162659406662,0.43297702074050903,0.4329764246940613,,,,
1684,0.43693894147872925,0.43350735306739807,0.43316248059272766,0.43297702074050903,0.4329764246940613,,,,
1685,0.43693476915359497,0.43350690603256226,0.4331623315811157,0.43297699093818665,0.4329764246940613,,,,
1686,0.43693071603775024,0.43350645899772644,0.433162122964859,0.43297702074050903,0.4329764246940613,,,,
1687,0.43692660331726074,0.4335060715675354,0.4331619143486023,0.43297702074050903,0.4329764246940613,,,,
1688,0.436922550201416,0.4335056245326996,0.43316176533699036,0.43297699093818665,0.4329764246940613,,,,
1689,0.4369184076786041,0.43350517749786377,0.43316155672073364,0.43297702074050903,0.43297645449638367,,,,
1690,0.436914324760437,0.43350476026535034,0.43316131830215454,0.43297699093818665,0.43297645449638367,,,,
1691,0.4369103014469147,0.4335043430328369,0.4331611394882202,0.43297699093818665,0.43297645449638367,,,,
1692,0.43690624833106995,0.4335039556026459,0.4331609904766083,0.43297702074050903,0.43297645449638367,,,,
1693,0.43690216541290283,0.43350350856781006,0.43316084146499634,0.43297696113586426,0.43297645449638367,,,,
1694,0.4368981420993805,0.43350306153297424,0.4331606328487396,0.43297699093818665,0.43297645449638367,,,,
1695,0.43689411878585815,0.4335027039051056,0.4331604242324829,0.43297696113586426,0.4329763650894165,,,,
1696,0.4368900954723358,0.4335022270679474,0.4331602454185486,0.43297699093818665,0.4329763650894165,,,,
1697,0.4368860423564911,0.43350183963775635,0.43316006660461426,0.43297699093818665,0.43297645449638367,,,,
1698,0.43688204884529114,0.43350139260292053,0.43315985798835754,0.43297702074050903,0.4329763650894165,,,,
1699,0.4368780553340912,0.4335009753704071,0.43315964937210083,0.43297699093818665,0.4329763650894165,,,,
1700,0.43687403202056885,0.43350058794021606,0.4331595003604889,0.43297699093818665,0.4329763650894165,,,,
1701,0.43687009811401367,0.43350014090538025,0.43315935134887695,0.43297702074050903,0.4329763650894165,,,,
1702,0.43686607480049133,0.4334997534751892,0.43315911293029785,0.43297693133354187,0.4329763650894165,,,,
1703,0.43686211109161377,0.433499276638031,0.4331589341163635,0.43297696113586426,0.4329763650894165,,,,
1704,0.4368581473827362,0.43349888920783997,0.4331587255001068,0.43297702074050903,0.4329763948917389,,,,
1705,0.43685421347618103,0.43349847197532654,0.4331585764884949,0.43297696113586426,0.4329763948917389,,,,
1706,0.43685027956962585,0.4334980547428131,0.43315842747688293,0.43297699093818665,0.4329763948917389,,,,
1707,0.4368463158607483,0.4334976375102997,0.4331582188606262,0.43297693133354187,0.4329763948917389,,,,
1708,0.4368423819541931,0.43349722027778625,0.4331580102443695,0.43297696113586426,0.4329763948917389,,,,
1709,0.4368385076522827,0.4334968030452728,0.4331578016281128,0.43297699093818665,0.4329763948917389,,,,
1710,0.43683454394340515,0.4334964156150818,0.43315765261650085,0.43297699093818665,0.4329763948917389,,,,
1711,0.43683061003685,0.43349599838256836,0.4331575036048889,0.43297696113586426,0.4329763948917389,,,,
1712,0.4368267357349396,0.43349558115005493,0.4331572651863098,0.43297699093818665,0.4329763948917389,,,,
1713,0.4368228018283844,0.4334951341152191,0.43315714597702026,0.43297693133354187,0.4329763948917389,,,,
1714,0.4368189871311188,0.4334947466850281,0.43315690755844116,0.43297696113586426,0.4329763948917389,,,,
1715,0.4368150532245636,0.43349432945251465,0.43315672874450684,0.43297693133354187,0.4329763948917389,,,,
1716,0.436811238527298,0.4334939122200012,0.4331565797328949,0.43297696113586426,0.4329763948917389,,,,
1717,0.4368073344230652,0.4334934949874878,0.4331563413143158,0.43297696113586426,0.4329763948917389,,,,
1718,0.4368034899234772,0.43349310755729675,0.43315622210502625,0.4329769015312195,0.4329763948917389,,,,
1719,0.4367996156215668,0.43349266052246094,0.43315601348876953,0.4329769015312195,0.4329764246940613,,,,
1720,0.43679577112197876,0.4334922134876251,0.4331558048725128,0.43297693133354187,0.4329764246940613,,,,
1721,0.4367920160293579,0.4334918260574341,0.4331556260585785,0.4329769015312195,0.4329764246940613,,,,
1722,0.4367881715297699,0.43349143862724304,0.43315547704696655,0.43297693133354187,0.4329764246940613,,,,
1723,0.4367843568325043,0.433491051197052,0.4331552982330322,0.43297693133354187,0.4329764246940613,,,,
1724,0.43678054213523865,0.4334906041622162,0.4331551492214203,0.43297696113586426,0.4329764246940613,,,,
1725,0.436776727437973,0.43349021673202515,0.4331549108028412,0.43297693133354187,0.4329764246940613,,,,
1726,0.4367729723453522,0.4334897994995117,0.43315476179122925,0.4329769015312195,0.4329764246940613,,,,
1727,0.43676915764808655,0.4334893524646759,0.43315455317497253,0.43297693133354187,0.4329764246940613,,,,
1728,0.4367654025554657,0.43348902463912964,0.4331543743610382,0.43297693133354187,0.4329764246940613,,,,
1729,0.4367615878582001,0.4334885776042938,0.4331541955471039,0.4329769015312195,0.4329764246940613,,,,
1730,0.4367578327655792,0.4334881901741028,0.43315401673316956,0.4329769015312195,0.4329764246940613,,,,
1731,0.43675413727760315,0.43348780274391174,0.4331538677215576,0.43297693133354187,0.4329764246940613,,,,
1732,0.4367503523826599,0.4334874153137207,0.4331536591053009,0.4329769015312195,0.4329764246940613,,,,
1733,0.43674659729003906,0.4334869384765625,0.4331534802913666,0.43297693133354187,0.4329764246940613,,,,
1734,0.4367428421974182,0.43348655104637146,0.43315327167510986,0.4329768717288971,0.4329764246940613,,,,
1735,0.43673911690711975,0.4334861636161804,0.4331531226634979,0.4329769015312195,0.43297645449638367,,,,
1736,0.4367353618144989,0.433485746383667,0.4331529438495636,0.43297693133354187,0.43297645449638367,,,,
1737,0.4367317259311676,0.43348535895347595,0.4331527650356293,0.43297693133354187,0.43297645449638367,,,,
1738,0.43672803044319153,0.4334849715232849,0.43315258622169495,0.4329769015312195,0.4329763948917389,,,,
1739,0.43672430515289307,0.4334845542907715,0.433152437210083,0.4329768717288971,0.4329763948917389,,,,
1740,0.4367206394672394,0.43348416686058044,0.4331521987915039,0.4329769015312195,0.4329763948917389,,,,
1741,0.4367169439792633,0.4334837794303894,0.43315207958221436,0.4329769015312195,0.4329763948917389,,,,
1742,0.43671324849128723,0.433483362197876,0.43315187096595764,0.43297693133354187,0.4329763948917389,,,,
1743,0.43670955300331116,0.43348294496536255,0.4331516921520233,0.4329769015312195,0.4329763650894165,,,,
1744,0.43670591711997986,0.4334825575351715,0.4331514835357666,0.4329768717288971,0.4329763948917389,,,,
1745,0.43670225143432617,0.43348219990730286,0.43315136432647705,0.4329769015312195,0.4329763948917389,,,,
1746,0.43669864535331726,0.43348178267478943,0.4331512153148651,0.4329768717288971,0.4329763948917389,,,,
1747,0.4366949796676636,0.4334813952445984,0.433150976896286,0.4329768717288971,0.4329763948917389,,,,
1748,0.4366913139820099,0.4334809482097626,0.4331508278846741,0.4329769015312195,0.4329763948917389,,,,
1749,0.43668776750564575,0.43348056077957153,0.43315064907073975,0.4329768717288971,0.4329763948917389,,,,
1750,0.4366840720176697,0.4334801733493805,0.4331504702568054,0.4329768419265747,0.4329763948917389,,,,
1751,0.43668049573898315,0.43347981572151184,0.4331503212451935,0.4329768419265747,0.4329763948917389,,,,
1752,0.43667685985565186,0.4334793984889984,0.43315014243125916,0.4329768717288971,0.4329763948917389,,,,
1753,0.43667328357696533,0.4334790110588074,0.43314996361732483,0.4329768419265747,0.4329764246940613,,,,
1754,0.4366697072982788,0.43347862362861633,0.4331498146057129,0.4329768717288971,0.4329764246940613,,,,
1755,0.4366661608219147,0.4334781765937805,0.43314963579177856,0.4329769015312195,0.4329764246940613,,,,
1756,0.4366625249385834,0.43347784876823425,0.43314945697784424,0.4329769015312195,0.4329764246940613,,,,
1757,0.43665894865989685,0.4334774315357208,0.4331492781639099,0.4329768419265747,0.4329764246940613,,,,
1758,0.4366554021835327,0.4334770143032074,0.4331490993499756,0.4329768419265747,0.4329763948917389,,,,
1759,0.4366518557071686,0.43347662687301636,0.43314895033836365,0.4329768717288971,0.4329763948917389,,,,
1760,0.43664827942848206,0.4334762394428253,0.43314874172210693,0.4329768419265747,0.4329763948917389,,,,
1761,0.4366447329521179,0.4334758520126343,0.4331485629081726,0.4329768717288971,0.4329764246940613,,,,
1762,0.4366411566734314,0.4334754943847656,0.4331483840942383,0.4329768717288971,0.4329763948917389,,,,
1763,0.4366377294063568,0.433475136756897,0.43314817547798157,0.4329768419265747,0.4329763948917389,,,,
1764,0.4366341531276703,0.43347468972206116,0.433148056268692,0.4329768717288971,0.4329763948917389,,,,
1765,0.4366306662559509,0.4334743022918701,0.4331478774547577,0.4329768419265747,0.4329763948917389,,,,
1766,0.4366271495819092,0.43347394466400146,0.43314772844314575,0.4329768419265747,0.4329763948917389,,,,
1767,0.43662357330322266,0.43347352743148804,0.4331475496292114,0.4329768419265747,0.4329763948917389,,,,
1768,0.43662014603614807,0.4334730803966522,0.4331473708152771,0.4329768121242523,0.4329763948917389,,,,
1769,0.4366166591644287,0.43347275257110596,0.43314722180366516,0.4329768419265747,0.4329763948917389,,,,
1770,0.43661317229270935,0.43347233533859253,0.43314704298973083,0.4329768419265747,0.4329763948917389,,,,
1771,0.43660968542099,0.4334719777107239,0.4331468641757965,0.4329768717288971,0.4329764246940613,,,,
1772,0.436606228351593,0.43347159028053284,0.43314674496650696,0.4329768121242523,0.4329764246940613,,,,
1773,0.43660274147987366,0.4334712326526642,0.43314653635025024,0.4329768419265747,0.4329764246940613,,,,
1774,0.43659934401512146,0.43347084522247314,0.4331463575363159,0.4329768717288971,0.4329764246940613,,,,
1775,0.4365958869457245,0.4334704279899597,0.43314623832702637,0.4329768419265747,0.4329764246940613,,,,
1776,0.4365924298763275,0.43347007036209106,0.43314605951309204,0.4329768121242523,0.4329763650894165,,,,
1777,0.43658900260925293,0.4334696829319,0.4331458508968353,0.4329768419265747,0.4329764246940613,,,,
1778,0.43658560514450073,0.433469295501709,0.4331457316875458,0.4329768121242523,0.4329763650894165,,,,
1779,0.43658211827278137,0.43346890807151794,0.4331454932689667,0.43297678232192993,0.4329763650894165,,,,
1780,0.43657878041267395,0.4334685206413269,0.4331453740596771,0.4329768121242523,0.4329763650894165,,,,
1781,0.4365752935409546,0.43346813321113586,0.433145135641098,0.4329768121242523,0.4329763650894165,,,,
1782,0.43657186627388,0.4334677457809448,0.43314501643180847,0.4329768419265747,0.4329763650894165,,,,
1783,0.4365685284137726,0.4334673583507538,0.43314486742019653,0.43297678232192993,0.4329763650894165,,,,
1784,0.4365651309490204,0.43346697092056274,0.43314462900161743,0.4329768121242523,0.4329763650894165,,,,
1785,0.4365617334842682,0.4334666132926941,0.4331445097923279,0.43297675251960754,0.4329763650894165,,,,
1786,0.4365583658218384,0.43346622586250305,0.43314433097839355,0.43297678232192993,0.4329763650894165,,,,
1787,0.4365549683570862,0.4334658086299896,0.433144211769104,0.43297678232192993,0.4329763650894165,,,,
1788,0.43655163049697876,0.43346545100212097,0.4331440031528473,0.4329768121242523,0.4329763650894165,,,,
1789,0.43654829263687134,0.4334651231765747,0.43314382433891296,0.43297678232192993,0.4329763650894165,,,,
1790,0.43654492497444153,0.43346473574638367,0.433143675327301,0.43297678232192993,0.4329763650894165,,,,
1791,0.4365416169166565,0.4334643483161926,0.4331434667110443,0.4329768121242523,0.4329763650894165,,,,
1792,0.4365382194519043,0.4334639608860016,0.43314334750175476,0.43297675251960754,0.4329763948917389,,,,
1793,0.43653491139411926,0.43346360325813293,0.4331431984901428,0.43297678232192993,0.4329763948917389,,,,
1794,0.43653157353401184,0.4334632456302643,0.4331430196762085,0.43297675251960754,0.43297645449638367,,,,
1795,0.4365282654762268,0.43346288800239563,0.43314284086227417,0.43297678232192993,0.43297645449638367,,,,
1796,0.43652498722076416,0.4334624409675598,0.43314266204833984,0.4329768121242523,0.4329763948917389,,,,
1797,0.43652164936065674,0.43346208333969116,0.4331425428390503,0.43297678232192993,0.43297645449638367,,,,
1798,0.4365183413028717,0.4334617257118225,0.43314236402511597,0.4329768121242523,0.4329763948917389,,,,
1799,0.43651506304740906,0.43346139788627625,0.43314218521118164,0.43297678232192993,0.4329763948917389,,,,
1800,0.436511754989624,0.4334609806537628,0.4331420361995697,0.43297678232192993,0.4329763948917389,,,,
1801,0.43650850653648376,0.4334605634212494,0.4331418573856354,0.43297675251960754,0.4329763948917389,,,,
1802,0.4365052282810211,0.4334602355957031,0.4331417381763458,0.43297678232192993,0.4329763948917389,,,,
1803,0.4365019202232361,0.4334598779678345,0.4331414997577667,0.43297675251960754,0.4329763948917389,,,,
1804,0.4364986717700958,0.43345940113067627,0.4331413507461548,0.43297678232192993,0.4329763948917389,,,,
1805,0.43649542331695557,0.43345907330513,0.43314120173454285,0.4329768121242523,0.4329763948917389,,,,
1806,0.4364921748638153,0.43345871567726135,0.4331410229206085,0.43297678232192993,0.4329763948917389,,,,
1807,0.4364889860153198,0.4334583282470703,0.43314090371131897,0.43297675251960754,0.4329763948917389,,,,
1808,0.4364856779575348,0.43345800042152405,0.43314072489738464,0.43297678232192993,0.4329763948917389,,,,
1809,0.43648242950439453,0.4334576427936554,0.4331405758857727,0.43297675251960754,0.4329763948917389,,,,
1810,0.43647924065589905,0.43345731496810913,0.4331403970718384,0.43297672271728516,0.4329763948917389,,,,
1811,0.4364760220050812,0.4334568679332733,0.43314021825790405,0.43297675251960754,0.4329763948917389,,,,
1812,0.4364727735519409,0.43345656991004944,0.4331400394439697,0.43297678232192993,0.4329763948917389,,,,
1813,0.43646958470344543,0.4334561824798584,0.4331399202346802,0.4329768121242523,0.4329763948917389,,,,
1814,0.43646642565727234,0.43345576524734497,0.43313977122306824,0.43297678232192993,0.4329764246940613,,,,
1815,0.4364631772041321,0.4334554374217987,0.4331396222114563,0.43297675251960754,0.4329764246940613,,,,
1816,0.4364599883556366,0.43345507979393005,0.4331394135951996,0.43297675251960754,0.4329764246940613,,,,
1817,0.4364568293094635,0.433454692363739,0.43313926458358765,0.43297678232192993,0.4329764246940613,,,,
1818,0.43645361065864563,0.433454304933548,0.4331390857696533,0.43297675251960754,0.4329764246940613,,,,
1819,0.43645045161247253,0.4334539771080017,0.433138906955719,0.43297675251960754,0.4329764246940613,,,,
1820,0.43644729256629944,0.43345358967781067,0.43313878774642944,0.43297678232192993,0.4329764246940613,,,,
1821,0.43644416332244873,0.43345320224761963,0.4331386685371399,0.43297678232192993,0.4329764246940613,,,,
1822,0.436441034078598,0.43345290422439575,0.4331384599208832,0.43297675251960754,0.4329764246940613,,,,
1823,0.43643784523010254,0.4334524869918823,0.43313831090927124,0.43297678232192993,0.4329764246940613,,,,
1824,0.43643468618392944,0.43345218896865845,0.4331381320953369,0.43297672271728516,0.4329764246940613,,,,
1825,0.4364315867424011,0.433451771736145,0.4331379532814026,0.43297672271728516,0.4329764246940613,,,,
1826,0.436428427696228,0.43345141410827637,0.43313783407211304,0.43297675251960754,0.4329763948917389,,,,
1827,0.4364252984523773,0.4334510564804077,0.4331376552581787,0.43297672271728516,0.4329763948917389,,,,
1828,0.436422199010849,0.43345072865486145,0.4331375062465668,0.43297675251960754,0.4329763948917389,,,,
1829,0.4364190995693207,0.4334503412246704,0.43313735723495483,0.43297672271728516,0.4329763948917389,,,,
1830,0.43641597032546997,0.43344998359680176,0.4331371784210205,0.43297675251960754,0.4329763948917389,,,,
1831,0.43641284108161926,0.4334496557712555,0.4331369996070862,0.43297672271728516,0.4329763948917389,,,,
1832,0.43640974164009094,0.43344923853874207,0.43313685059547424,0.43297675251960754,0.4329763948917389,,,,
1833,0.4364067018032074,0.4334488809108734,0.4331367015838623,0.43297678232192993,0.4329763948917389,,,,
1834,0.4364035427570343,0.43344858288764954,0.43313655257225037,0.43297675251960754,0.4329763948917389,,,,
1835,0.43640050292015076,0.4334481954574585,0.4331364035606384,0.43297678232192993,0.4329763948917389,,,,
1836,0.4363974332809448,0.43344786763191223,0.4331362247467041,0.43297669291496277,0.4329763948917389,,,,
1837,0.4363943636417389,0.4334475100040436,0.4331360459327698,0.43297672271728516,0.4329763948917389,,,,
1838,0.43639126420021057,0.43344709277153015,0.43313589692115784,0.432976633310318,0.4329764246940613,,,,
1839,0.4363882839679718,0.4334467351436615,0.4331358075141907,0.4329766631126404,0.4329764246940613,,,,
1840,0.43638521432876587,0.43344640731811523,0.43313559889793396,0.43297669291496277,0.4329764246940613,,,,
1841,0.4363822042942047,0.4334460198879242,0.4331354796886444,0.43297672271728516,0.4329764246940613,,,,
1842,0.4363791048526764,0.4334457218647003,0.4331352710723877,0.4329766631126404,0.4329764246940613,,,,
1843,0.43637609481811523,0.4334453046321869,0.43313515186309814,0.43297672271728516,0.4329764246940613,,,,
1844,0.4363730549812317,0.433445006608963,0.4331350028514862,0.43297675251960754,0.4329764246940613,,,,
1845,0.43637004494667053,0.433444619178772,0.43313485383987427,0.43297672271728516,0.4329764246940613,,,,
1846,0.4363670349121094,0.4334442913532257,0.43313470482826233,0.43297675251960754,0.4329764246940613,,,,
1847,0.4363640248775482,0.43344393372535706,0.4331345558166504,0.43297672271728516,0.4329764246940613,,,,
1848,0.43636101484298706,0.433443546295166,0.4331343472003937,0.43297669291496277,0.4329764246940613,,,,
1849,0.4363580048084259,0.43344321846961975,0.43313419818878174,0.43297672271728516,0.4329764246940613,,,,
1850,0.43635502457618713,0.4334428608417511,0.4331340789794922,0.43297672271728516,0.4329764246940613,,,,
1851,0.436352014541626,0.43344250321388245,0.4331338703632355,0.43297672271728516,0.4329764246940613,,,,
1852,0.4363490045070648,0.4334421455860138,0.4331337809562683,0.43297669291496277,0.4329764246940613,,,,
1853,0.4363461136817932,0.43344178795814514,0.433133602142334,0.43297672271728516,0.4329764246940613,,,,
1854,0.43634310364723206,0.4334414601325989,0.43313345313072205,0.43297675251960754,0.4329764246940613,,,,
1855,0.4363400936126709,0.43344107270240784,0.43313324451446533,0.43297669291496277,0.4329764246940613,,,,
1856,0.4363372027873993,0.4334407448768616,0.4331330955028534,0.43297669291496277,0.4329764246940613,,,,
1857,0.4363342523574829,0.4334404468536377,0.43313300609588623,0.43297672271728516,0.4329764246940613,,,,
1858,0.43633127212524414,0.43344005942344666,0.4331328570842743,0.43297669291496277,0.4329764246940613,,,,
1859,0.43632829189300537,0.4334396719932556,0.43313267827033997,0.43297669291496277,0.4329764246940613,,,,
1860,0.4363253712654114,0.43343937397003174,0.4331325590610504,0.43297669291496277,0.4329764246940613,,,,
1861,0.436322420835495,0.4334390163421631,0.4331323802471161,0.43297672271728516,0.4329764246940613,,,,
1862,0.436319500207901,0.43343865871429443,0.43313223123550415,0.43297669291496277,0.4329764246940613,,,,
1863,0.436316579580307,0.43343833088874817,0.4331320524215698,0.43297669291496277,0.4329764246940613,,,,
1864,0.436313658952713,0.43343794345855713,0.4331319332122803,0.43297669291496277,0.43297645449638367,,,,
1865,0.4363107681274414,0.4334375858306885,0.43313178420066833,0.43297672271728516,0.43297645449638367,,,,
1866,0.4363078474998474,0.4334372580051422,0.4331316351890564,0.43297672271728516,0.43297645449638367,,,,
1867,0.4363049268722534,0.43343693017959595,0.43313148617744446,0.43297669291496277,0.43297645449638367,,,,
1868,0.4363020360469818,0.4334365725517273,0.43313130736351013,0.43297669291496277,0.4329763948917389,,,,
1869,0.4362991452217102,0.43343624472618103,0.4331311583518982,0.43297672271728516,0.4329763352870941,,,,
1870,0.4362962543964386,0.4334358870983124,0.4331309497356415,0.43297672271728516,0.4329763352870941,,,,
1871,0.43629342317581177,0.4334355294704437,0.4331308901309967,0.432976633310318,0.4329763352870941,,,,
1872,0.4362905025482178,0.43343523144721985,0.4331307113170624,0.4329766631126404,0.4329763352870941,,,,
1873,0.43628764152526855,0.4334348738193512,0.43313056230545044,0.43297669291496277,0.4329763352870941,,,,
1874,0.43628478050231934,0.43343454599380493,0.4331304430961609,0.4329766631126404,0.4329763352870941,,,,
1875,0.4362819194793701,0.43343421816825867,0.43313026428222656,0.43297669291496277,0.4329763352870941,,,,
1876,0.4362790882587433,0.4334338307380676,0.433130145072937,0.4329766631126404,0.4329763352870941,,,,
1877,0.43627622723579407,0.433433473110199,0.4331299960613251,0.4329766631126404,0.4329763352870941,,,,
1878,0.43627333641052246,0.4334331154823303,0.43312981724739075,0.43297669291496277,0.4329763352870941,,,,
1879,0.436270534992218,0.43343281745910645,0.4331296384334564,0.43297669291496277,0.4329763352870941,,,,
1880,0.4362677335739136,0.43343251943588257,0.43312951922416687,0.4329766631126404,0.4329763948917389,,,,
1881,0.43626490235328674,0.43343213200569153,0.43312937021255493,0.4329766631126404,0.4329763352870941,,,,
1882,0.4362620711326599,0.4334317743778229,0.4331291913986206,0.4329766631126404,0.4329763948917389,,,,
1883,0.4362592399120331,0.4334314465522766,0.43312907218933105,0.43297669291496277,0.4329763948917389,,,,
1884,0.43625640869140625,0.43343111872673035,0.4331289529800415,0.43297669291496277,0.4329763948917389,,,,
1885,0.4362536370754242,0.4334307909011841,0.43312880396842957,0.4329766631126404,0.4329763352870941,,,,
1886,0.43625080585479736,0.43343043327331543,0.4331286549568176,0.43297669291496277,0.4329763948917389,,,,
1887,0.4362480342388153,0.43343013525009155,0.4331285059452057,0.432976633310318,0.4329763948917389,,,,
1888,0.4362452030181885,0.4334297478199005,0.433128297328949,0.4329766631126404,0.4329763948917389,,,,
1889,0.4362424612045288,0.43342944979667664,0.4331281781196594,0.4329766631126404,0.4329763948917389,,,,
1890,0.436239629983902,0.433429092168808,0.4331279993057251,0.43297669291496277,0.4329763948917389,,,,
1891,0.4362368583679199,0.43342873454093933,0.43312785029411316,0.432976633310318,0.4329763948917389,,,,
1892,0.43623411655426025,0.43342840671539307,0.433127760887146,0.432976633310318,0.4329763352870941,,,,
1893,0.4362313747406006,0.4334281086921692,0.43312761187553406,0.4329766631126404,0.4329763352870941,,,,
1894,0.43622854351997375,0.43342775106430054,0.43312740325927734,0.4329766631126404,0.4329763650894165,,,,
1895,0.43622586131095886,0.4334273934364319,0.4331273138523102,0.43297669291496277,0.4329764246940613,,,,
1896,0.4362230598926544,0.433427095413208,0.43312716484069824,0.4329766631126404,0.4329763650894165,,,,
1897,0.43622028827667236,0.43342676758766174,0.4331270158290863,0.432976633310318,0.4329763650894165,,,,
1898,0.4362175166606903,0.4334264099597931,0.43312689661979675,0.4329766631126404,0.4329763650894165,,,,
1899,0.436214804649353,0.43342605233192444,0.4331267178058624,0.43297669291496277,0.4329764246940613,,,,
1900,0.43621209263801575,0.43342575430870056,0.4331265389919281,0.4329766035079956,0.4329763650894165,,,,
1901,0.4362093508243561,0.4334254264831543,0.43312641978263855,0.4329766631126404,0.4329763650894165,,,,
1902,0.4362066388130188,0.43342506885528564,0.4331262707710266,0.4329766631126404,0.4329763650894165,,,,
1903,0.4362039268016815,0.43342477083206177,0.4331261217594147,0.4329766631126404,0.4329763650894165,,,,
1904,0.43620118498802185,0.4334244430065155,0.43312597274780273,0.43297669291496277,0.4329763650894165,,,,
1905,0.43619853258132935,0.43342405557632446,0.4331258237361908,0.4329766035079956,0.4329763650894165,,,,
1906,0.43619582056999207,0.4334237575531006,0.43312567472457886,0.432976633310318,0.4329763650894165,,,,
1907,0.4361930787563324,0.4334234297275543,0.4331255257129669,0.432976633310318,0.4329763650894165,,,,
1908,0.4361904263496399,0.43342310190200806,0.43312543630599976,0.4329766631126404,0.4329763650894165,,,,
1909,0.436187744140625,0.4334227740764618,0.4331252872943878,0.4329766631126404,0.4329763650894165,,,,
1910,0.4361850619316101,0.4334224462509155,0.4331250786781311,0.4329766035079956,0.4329763650894165,,,,
1911,0.43618232011795044,0.43342211842536926,0.43312498927116394,0.432976633310318,0.4329763650894165,,,,
1912,0.43617966771125793,0.433421790599823,0.433124840259552,0.4329766631126404,0.4329763650894165,,,,
1913,0.43617698550224304,0.43342143297195435,0.4331246316432953,0.432976633310318,0.4329763650894165,,,,
1914,0.4361743628978729,0.4334211051464081,0.4331245720386505,0.4329766035079956,0.4329763650894165,,,,
1915,0.43617168068885803,0.4334207773208618,0.4331243932247162,0.432976633310318,0.4329763650894165,,,,
1916,0.43616899847984314,0.43342047929763794,0.43312424421310425,0.432976633310318,0.4329763650894165,,,,
1917,0.436166375875473,0.4334201216697693,0.4331241250038147,0.4329766631126404,0.4329763650894165,,,,
1918,0.4361637234687805,0.4334198534488678,0.43312394618988037,0.4329766631126404,0.4329763650894165,,,,
1919,0.436161071062088,0.43341949582099915,0.4331238567829132,0.4329766631126404,0.4329763650894165,,,,
1920,0.4361584484577179,0.4334191381931305,0.4331236481666565,0.432976633310318,0.4329763650894165,,,,
1921,0.436155766248703,0.4334188401699066,0.4331235885620117,0.4329766035079956,0.4329763650894165,,,,
1922,0.43615320324897766,0.43341851234436035,0.4331234097480774,0.432976633310318,0.4329763650894165,,,,
1923,0.43615055084228516,0.4334181547164917,0.43312326073646545,0.4329766631126404,0.4329763650894165,,,,
1924,0.4361479580402374,0.43341782689094543,0.4331231415271759,0.4329766035079956,0.4329763650894165,,,,
1925,0.4361453652381897,0.43341752886772156,0.4331229627132416,0.432976633310318,0.4329763650894165,,,,
1926,0.4361427128314972,0.43341726064682007,0.43312281370162964,0.4329766631126404,0.4329763650894165,,,,
1927,0.43614012002944946,0.4334169030189514,0.4331226646900177,0.4329765737056732,0.4329763948917389,,,,
1928,0.43613749742507935,0.43341657519340515,0.43312254548072815,0.432976633310318,0.4329763948917389,,,,
1929,0.436134934425354,0.4334162771701813,0.4331224262714386,0.432976633310318,0.4329763948917389,,,,
1930,0.4361323416233063,0.43341588973999023,0.43312227725982666,0.432976633310318,0.4329763948917389,,,,
1931,0.43612971901893616,0.43341565132141113,0.4331221282482147,0.4329766631126404,0.4329763948917389,,,,
1932,0.4361271560192108,0.4334152638912201,0.43312200903892517,0.43297669291496277,0.4329763948917389,,,,
1933,0.4361245930194855,0.4334149658679962,0.43312186002731323,0.432976633310318,0.4329763948917389,,,,
1934,0.4361220598220825,0.43341463804244995,0.4331216812133789,0.432976633310318,0.4329763948917389,,,,
1935,0.43611940741539,0.4334142804145813,0.43312156200408936,0.432976633310318,0.4329763948917389,,,,
1936,0.4361168444156647,0.43341395258903503,0.4331214129924774,0.4329766631126404,0.4329763948917389,,,,
1937,0.4361143112182617,0.43341365456581116,0.43312129378318787,0.432976633310318,0.4329763948917389,,,,
1938,0.436111718416214,0.43341338634490967,0.4331211447715759,0.4329766035079956,0.4329763948917389,,,,
1939,0.4361092150211334,0.43341299891471863,0.43312105536460876,0.432976633310318,0.4329763948917389,,,,
1940,0.4361066520214081,0.43341270089149475,0.43312087655067444,0.4329766631126404,0.4329763948917389,,,,
1941,0.4361041188240051,0.4334123730659485,0.4331207275390625,0.4329766631126404,0.4329763948917389,,,,
1942,0.4361015856266022,0.4334120750427246,0.43312060832977295,0.432976633310318,0.4329763948917389,,,,
1943,0.4360990524291992,0.43341174721717834,0.4331204891204834,0.4329766035079956,0.4329763948917389,,,,
1944,0.43609651923179626,0.43341150879859924,0.43312034010887146,0.4329766035079956,0.4329763948917389,,,,
1945,0.4360940158367157,0.4334111213684082,0.43312016129493713,0.432976633310318,0.4329763948917389,,,,
1946,0.43609145283699036,0.4334108233451843,0.4331200420856476,0.432976633310318,0.4329763948917389,,,,
1947,0.43608900904655457,0.43341049551963806,0.43311986327171326,0.4329766631126404,0.4329763948917389,,,,
1948,0.4360864460468292,0.4334102272987366,0.4331197440624237,0.4329766035079956,0.4329763948917389,,,,
1949,0.43608397245407104,0.4334098696708679,0.43311959505081177,0.4329766035079956,0.4329763948917389,,,,
1950,0.43608149886131287,0.43340957164764404,0.4331195056438446,0.4329766035079956,0.4329763948917389,,,,
1951,0.4360789358615875,0.4334092438220978,0.4331193268299103,0.432976633310318,0.4329763948917389,,,,
1952,0.43607649207115173,0.4334089457988739,0.4331192076206207,0.432976633310318,0.4329763948917389,,,,
1953,0.4360739588737488,0.43340864777565,0.4331190586090088,0.4329766035079956,0.4329763948917389,,,,
1954,0.4360714852809906,0.43340829014778137,0.4331189692020416,0.4329766035079956,0.4329763650894165,,,,
1955,0.43606898188591003,0.4334079921245575,0.4331187903881073,0.432976633310318,0.4329763650894165,,,,
1956,0.43606653809547424,0.4334076941013336,0.43311870098114014,0.432976633310318,0.4329763948917389,,,,
1957,0.43606406450271606,0.43340736627578735,0.4331185221672058,0.4329765737056732,0.4329763948917389,,,,
1958,0.4360616207122803,0.4334070086479187,0.43311837315559387,0.4329766035079956,0.4329763650894165,,,,
1959,0.4360591173171997,0.4334067106246948,0.43311822414398193,0.4329765737056732,0.4329763650894165,,,,
1960,0.4360566735267639,0.43340638279914856,0.4331181049346924,0.4329766035079956,0.4329763650894165,,,,
1961,0.4360542297363281,0.4334060847759247,0.4331180155277252,0.432976633310318,0.4329763650894165,,,,
1962,0.43605178594589233,0.4334058165550232,0.4331178665161133,0.4329765737056732,0.4329763650894165,,,,
1963,0.43604934215545654,0.43340548872947693,0.43311768770217896,0.4329766035079956,0.4329763650894165,,,,
1964,0.436046838760376,0.43340519070625305,0.4331175982952118,0.4329766035079956,0.4329763650894165,,,,
1965,0.43604445457458496,0.4334048628807068,0.43311741948127747,0.432976633310318,0.4329763650894165,,,,
1966,0.4360419809818268,0.4334045648574829,0.4331173300743103,0.4329765737056732,0.4329763948917389,,,,
1967,0.4360395669937134,0.43340423703193665,0.43311718106269836,0.4329765737056732,0.4329763948917389,,,,
1968,0.4360371232032776,0.43340396881103516,0.4331170618534088,0.432976633310318,0.4329763948917389,,,,
1969,0.4360347390174866,0.4334036409854889,0.4331168532371521,0.4329766035079956,0.4329763948917389,,,,
1970,0.43603232502937317,0.43340328335762024,0.43311676383018494,0.4329765737056732,0.4329763948917389,,,,
1971,0.4360298812389374,0.43340301513671875,0.4331166446208954,0.4329766035079956,0.4329763948917389,,,,
1972,0.436027467250824,0.4334026873111725,0.43311649560928345,0.4329766035079956,0.4329763948917389,,,,
1973,0.43602508306503296,0.4334023892879486,0.4331163763999939,0.4329766035079956,0.4329763948917389,,,,
1974,0.43602269887924194,0.43340209126472473,0.43311622738838196,0.4329766035079956,0.4329763948917389,,,,
1975,0.43602028489112854,0.43340179324150085,0.43311607837677,0.4329765737056732,0.4329763948917389,,,,
1976,0.43601784110069275,0.4334014654159546,0.4331159293651581,0.4329765737056732,0.4329763948917389,,,,
1977,0.4360155463218689,0.4334011971950531,0.4331158697605133,0.4329765737056732,0.4329763948917389,,,,
1978,0.4360131621360779,0.43340083956718445,0.433115690946579,0.4329766035079956,0.4329763948917389,,,,
1979,0.4360107481479645,0.43340057134628296,0.43311557173728943,0.4329766035079956,0.4329763948917389,,,,
1980,0.4360083341598511,0.43340030312538147,0.4331154525279999,0.43297651410102844,0.4329763948917389,,,,
1981,0.43600600957870483,0.4333999752998352,0.43311530351638794,0.43297651410102844,0.4329763948917389,,,,
1982,0.4360036551952362,0.43339964747428894,0.4331150949001312,0.43297654390335083,0.4329763948917389,,,,
1983,0.4360013008117676,0.43339934945106506,0.43311503529548645,0.4329765737056732,0.4329763948917389,,,,
1984,0.43599894642829895,0.4333990216255188,0.4331149458885193,0.4329765737056732,0.4329763948917389,,,,
1985,0.43599656224250793,0.4333987832069397,0.43311476707458496,0.4329765737056732,0.4329763948917389,,,,
1986,0.43599414825439453,0.43339839577674866,0.4331146478652954,0.4329765737056732,0.4329763948917389,,,,
1987,0.43599188327789307,0.43339812755584717,0.43311452865600586,0.43297654390335083,0.4329763948917389,,,,
1988,0.43598952889442444,0.4333978593349457,0.4331143796443939,0.43297654390335083,0.4329763948917389,,,,
1989,0.4359872043132782,0.4333975315093994,0.43311426043510437,0.4329765737056732,0.4329763948917389,,,,
1990,0.43598484992980957,0.43339723348617554,0.43311411142349243,0.4329765737056732,0.4329763948917389,,,,
1991,0.43598252534866333,0.43339696526527405,0.43311402201652527,0.4329765737056732,0.4329763948917389,,,,
1992,0.4359802305698395,0.4333966076374054,0.43311384320259094,0.4329766035079956,0.4329763948917389,,,,
1993,0.43597787618637085,0.4333963096141815,0.4331137239933014,0.43297654390335083,0.4329763948917389,,,,
1994,0.4359755218029022,0.43339604139328003,0.43311360478401184,0.4329765737056732,0.4329763948917389,,,,
1995,0.43597322702407837,0.4333956837654114,0.4331133961677551,0.43297654390335083,0.4329763948917389,,,,
1996,0.43597090244293213,0.4333954155445099,0.43311336636543274,0.4329765737056732,0.4329763948917389,,,,
1997,0.43596863746643066,0.4333950877189636,0.4331131875514984,0.4329766035079956,0.4329763948917389,,,,
1998,0.4359663128852844,0.43339478969573975,0.43311309814453125,0.43297654390335083,0.4329763948917389,,,,
1999,0.43596404790878296,0.43339455127716064,0.4331129491329193,0.4329765737056732,0.4329763948917389,,,,
